Chrom	Start	End	ID	Capture.Status	SEGNUMBER	Fragment
chr1	117453382	117453383	PTGFRN,4DF,upstream.control,chr1:117453383	HighQuality.single	4DF	chr1:117452579-117453460
chr1	117529457	117529458	PTGFRN,4DF,credible.variant,chr1:117529458	HighQuality.single	4DF	chr1:117529453-117529885
chr1	117531619	117531620	PTGFRN,4DF,credible.variant,chr1:117531620	MediumQuality.paired	4DF	chr1:117531152-117532487
chr1	117532889	117532890	PTGFRN,4DF,credible.variant,chr1:117532790.offset100	HighQuality.paired	4DF	chr1:117532853-117533075
chr1	117601988	117601989	PTGFRN,4DF,downstream.control,chr1:117601989	HighQuality.paired	4DF	chr1:117601640-117603323
chr2	60443974	60443975	MIR4432HG,11DF,upstream.control,chr2:60443975	HighQuality.paired	11DF	chr2:60443414-60444378
chr2	60579623	60579624	MIR4432HG,11DF,credible.variant,chr2:60579624	HighQuality.paired	11DF	chr2:60579539-60580521
chr2	60579987	60579988	MIR4432HG,11DF,credible.variant,chr2:60579988	HighQuality.paired	11DF	chr2:60579539-60580521
chr2	60580830	60580831	MIR4432HG,11DF,credible.variant,chr2:60580831	HighQuality.paired	11DF	chr2:60580621-60581035
chr2	60581854	60581855	MIR4432HG,11DF,credible.variant,chr2:60581855	HighQuality.paired	11DF	chr2:60581478-60582726
chr2	60586706	60586707	MIR4432HG,11DF,credible.variant,chr2:60586707	HighQuality.paired	11DF	chr2:60585516-60587368
chr2	60651344	60651345	MIR4432HG,11DF,downstream.control,chr2:60651345	HighQuality.single	11DF	chr2:60651183-60651382
chr2	165466568	165466569	COBLL1,16DF,upstream.control,chr2:165466569	HighQuality.paired	16DF	chr2:165465864-165466823
chr2	165518798	165518799	COBLL1,16DF,credible.variant,chr2:165518799	HighQuality.single	16DF	chr2:165518245-165519139
chr2	165528623	165528624	COBLL1,16DF,credible.variant,chr2:165528624	HighQuality.paired	16DF	chr2:165527397-165528799
chr2	165528875	165528876	COBLL1,16DF,credible.variant,chr2:165528876	PoorQuality	16DF	chr2:165528800-165528986
chr2	165545614	165545615	COBLL1,16DF,credible.variant,chr2:165545615	HighQuality.paired	16DF	chr2:165544831-165546011
chr2	165548568	165548569	COBLL1,16DF,credible.variant,chr2:165548569	HighQuality.paired	16DF	chr2:165547891-165551628
chr2	165551200	165551201	COBLL1,16DF,credible.variant,chr2:165551201	HighQuality.paired	16DF	chr2:165547891-165551628
chr2	165554301	165554302	COBLL1,16DF,credible.variant,chr2:165554302	HighQuality.paired	16DF	chr2:165554272-165554363
chr2	165628429	165628430	COBLL1,16DF,downstream.control,chr2:165628430	HighQuality.paired	16DF	chr2:165627667-165628595
chr3	23457079	23457080	rs13094957_UBE2E2,13QTL,eQTL,chr3:23457080	HighQuality.single	13QTL	chr3:23456878-23457907
chr3	122921314	122921315	ADCY5,24DF,upstream.control,chr3:122921315	HighQuality.paired	24DF	chr3:122921223-122921553
chr3	123054769	123054770	ADCY5,1TG,DIAMANTE.Morris,chr3:123054770	HighQuality.single	1TG	chr3:123054433-123056325
chr3	123065777	123065778	ADCY5,24DF,credible.variant,chr3:123065778	HighQuality.single	24DF	chr3:123065367-123067174
chr3	123065777	123065778	rs11708067_ADCY5,1QTL,eQTL,chr3:123065778	HighQuality.single	1QTL	chr3:123065367-123067174
chr3	123068743	123068744	ADCY5,24DF,credible.variant,chr3:123068744	HighQuality.paired	24DF	chr3:123068664-123068784
chr3	123069057	123069058	ADCY5,24DF,credible.variant,chr3:123069058	HighQuality.paired	24DF	chr3:123068785-123069730
chr3	123070516	123070517	ADCY5,24DF,credible.variant,chr3:123070517	HighQuality.paired	24DF	chr3:123069731-123070561
chr3	123128551	123128552	ADCY5,24DF,downstream.control,chr3:123128552	HighQuality.paired	24DF	chr3:123127985-123128951
chr3	185520947	185520948	rs9854769_IGF2BP2,9QTL,eQTL,chr3:185520948	PoorQuality	9QTL	chr3:185520833-185521091
chr3	187687424	187687425	LOC105374266,29DF,upstream.control,chr3:187687425	HighQuality.paired	29DF	chr3:187687380-187688058
chr3	187740522	187740523	LOC105374266,29DF,credible.variant,chr3:187740523	HighQuality.single	29DF	chr3:187739978-187740579
chr3	187740898	187740899	LOC105374266,29DF,credible.variant,chr3:187740899	MediumQuality.single	29DF	chr3:187740727-187742048
chr3	187741841	187741842	LOC105374266,29DF,credible.variant,chr3:187741842	MediumQuality.single	29DF	chr3:187740727-187742048
chr3	187808628	187808629	LOC105374266,29DF,downstream.control,chr3:187808629	HighQuality.single	29DF	chr3:187808445-187809100
chr4	44996578	44996579	GNPDA2,32DF,upstream.control,chr4:44996579	HighQuality.paired	32DF	chr4:44996530-44996980
chr4	45068928	45068929	GNPDA2,32DF,credible.variant,chr4:45068929	HighQuality.paired	32DF	chr4:45068735-45069807
chr4	45071268	45071269	GNPDA2,32DF,credible.variant,chr4:45071269	MediumQuality.paired	32DF	chr4:45071266-45071358
chr4	45071599	45071600	GNPDA2,32DF,credible.variant,chr4:45071600	PoorQuality	32DF	chr4:45071359-45072018
chr4	45075033	45075034	GNPDA2,32DF,credible.variant,chr4:45075034	HighQuality.single	32DF	chr4:45074859-45075470
chr4	45076194	45076195	GNPDA2,32DF,credible.variant,chr4:45076195	HighQuality.single	32DF	chr4:45075995-45077349
chr4	45082235	45082236	GNPDA2,32DF,credible.variant,chr4:45082236	PoorQuality	32DF	chr4:45081995-45082265
chr4	45132046	45132047	GNPDA2,32DF,credible.variant,chr4:45132047	PoorQuality	32DF	chr4:45132044-45132144
chr4	45133239	45133240	GNPDA2,32DF,credible.variant,chr4:45133240	HighQuality.paired	32DF	chr4:45132908-45134303
chr4	45142804	45142805	GNPDA2,32DF,credible.variant,chr4:45142805	HighQuality.paired	32DF	chr4:45142302-45142832
chr4	45175690	45175691	GNPDA2,32DF,credible.variant,chr4:45175691	HighQuality.paired	32DF	chr4:45175625-45175934
chr4	45179882	45179883	GNPDA2,32DF,credible.variant,chr4:45179883	HighQuality.single	32DF	chr4:45179751-45180197
chr4	45181333	45181334	GNPDA2,32DF,credible.variant,chr4:45181334	HighQuality.single	32DF	chr4:45180845-45182336
chr4	45182526	45182527	GNPDA2,32DF,credible.variant,chr4:45182527	HighQuality.paired	32DF	chr4:45182337-45183711
chr4	45186138	45186139	GNPDA2,32DF,credible.variant,chr4:45186139	HighQuality.paired	32DF	chr4:45186136-45186215
chr4	45238272	45238273	GNPDA2,32DF,downstream.control,chr4:45238273	HighQuality.paired	32DF	chr4:45237094-45238757
chr5	76373755	76373756	ZBED3-AS1,44DF,upstream.control,chr5:76373756	HighQuality.paired	44DF	chr5:76372861-76373757
chr5	76424948	76424949	ZBED3-AS1,44DF,credible.variant,chr5:76424949	HighQuality.single	44DF	chr5:76424922-76425190
chr5	76425866	76425867	ZBED3-AS1,44DF,credible.variant,chr5:76425867	HighQuality.paired	44DF	chr5:76425801-76425893
chr5	76427310	76427311	ZBED3-AS1,44DF,credible.variant,chr5:76427311	HighQuality.single	44DF	chr5:76426607-76427590
chr5	76435003	76435004	ZBED3-AS1,44DF,credible.variant,chr5:76435004	HighQuality.paired	44DF	chr5:76434598-76435449
chr5	76496498	76496499	ZBED3-AS1,44DF,downstream.control,chr5:76496499	HighQuality.single	44DF	chr5:76496481-76496944
chr5	96252588	96252589	rs2910686_ERAP2,17QTL,eQTL,chr5:96252589	PoorQuality	17QTL	chr5:96252412-96253064
chr6	7231842	7231843	RREB1,2TG,DIAMANTE.Morris,chr6:7231843	HighQuality.paired	2TG	chr6:7231544-7232068
chr6	20607228	20607229	CDKAL1,50DF,upstream.control,chr6:20607229	HighQuality.single	50DF	chr6:20606929-20607990
chr6	20673879	20673880	CDKAL1,50DF,credible.variant,chr6:20673880	PoorQuality	50DF	chr6:20673821-20673936
chr6	20675791	20675792	CDKAL1,50DF,credible.variant,chr6:20675792	PoorQuality	50DF	chr6:20675008-20676187
chr6	20679708	20679709	CDKAL1,50DF,credible.variant,chr6:20679709	HighQuality.single	50DF	chr6:20679241-20679711
chr6	20680677	20680678	CDKAL1,50DF,credible.variant,chr6:20680678	HighQuality.single	50DF	chr6:20680538-20681541
chr6	20686572	20686573	CDKAL1,50DF,credible.variant,chr6:20686573	PoorQuality	50DF	chr6:20686142-20686615
chr6	20688120	20688121	CDKAL1,50DF,credible.variant,chr6:20688121	PoorQuality	50DF	chr6:20688069-20688139
chr6	20744883	20744884	CDKAL1,50DF,downstream.control,chr6:20744884	HighQuality.paired	50DF	chr6:20744823-20745128
chr6	39290833	39290834	rs3807042_KCNK17,10QTL,eQTL,chr6:39290834	HighQuality.paired	10QTL	chr6:39290032-39291089
chr6	43755593	43755594	LINC01512,55DF,upstream.control,chr6:43755594	HighQuality.single	55DF	chr6:43755083-43755739
chr6	43806334	43806335	LINC01512,55DF,credible.variant,chr6:43806335	HighQuality.paired	55DF	chr6:43805823-43806610
chr6	43806608	43806609	LINC01512,55DF,credible.variant,chr6:43806609	HighQuality.paired	55DF	chr6:43805823-43806610
chr6	43810468	43810469	LINC01512,55DF,credible.variant,chr6:43810469	HighQuality.single	55DF	chr6:43810249-43810471
chr6	43810973	43810974	LINC01512,55DF,credible.variant,chr6:43810974	HighQuality.paired	55DF	chr6:43810845-43811395
chr6	43811429	43811430	LINC01512,55DF,credible.variant,chr6:43811430	MediumQuality.single	55DF	chr6:43811404-43811491
chr6	43811761	43811762	LINC01512,55DF,credible.variant,chr6:43811762	HighQuality.single	55DF	chr6:43811492-43812000
chr6	43812539	43812540	LINC01512,55DF,credible.variant,chr6:43812540	HighQuality.single	55DF	chr6:43812108-43813154
chr6	43812964	43812965	LINC01512,55DF,credible.variant,chr6:43812965	HighQuality.single	55DF	chr6:43812108-43813154
chr6	43813710	43813711	LINC01512,55DF,credible.variant,chr6:43813711	HighQuality.single	55DF	chr6:43813368-43814218
chr6	43814189	43814190	LINC01512,55DF,credible.variant,chr6:43814190	HighQuality.single	55DF	chr6:43813368-43814218
chr6	43814624	43814625	LINC01512,55DF,credible.variant,chr6:43814625	PoorQuality	55DF	chr6:43814451-43815015
chr6	43815363	43815364	LINC01512,55DF,credible.variant,chr6:43815364	HighQuality.paired	55DF	chr6:43815355-43815698
chr6	43816125	43816126	LINC01512,55DF,credible.variant,chr6:43816126	HighQuality.paired	55DF	chr6:43816013-43816746
chr6	43817790	43817791	LINC01512,55DF,credible.variant,chr6:43817791	HighQuality.single	55DF	chr6:43817705-43818116
chr6	43828572	43828573	LINC01512,55DF,credible.variant,chr6:43828573	HighQuality.paired	55DF	chr6:43828448-43829867
chr6	43879323	43879324	LINC01512,55DF,downstream.control,chr6:43879324	HighQuality.paired	55DF	chr6:43877628-43879509
chr6	126792094	126792095	CENPW,3TG,DIAMANTE.Morris,chr6:126792095	PoorQuality	3TG	chr6:126791754-126792408
chr7	13825009	13825010	ETV1,58DF,upstream.control,chr7:13825010	HighQuality.single	58DF	chr7:13824561-13825156
chr7	13889106	13889107	ETV1,58DF,credible.variant,chr7:13889107	HighQuality.single	58DF	chr7:13888369-13889225
chr7	13889770	13889771	ETV1,58DF,credible.variant,chr7:13889771	HighQuality.paired	58DF	chr7:13889619-13890723
chr7	13892901	13892902	ETV1,58DF,credible.variant,chr7:13892902	PoorQuality	58DF	chr7:13892781-13892937
chr7	13892962	13892963	ETV1,58DF,credible.variant,chr7:13892963	HighQuality.single	58DF	chr7:13892938-13893736
chr7	13894275	13894276	ETV1,58DF,credible.variant,chr7:13894276	HighQuality.paired	58DF	chr7:13894191-13894334
chr7	13894623	13894624	ETV1,58DF,credible.variant,chr7:13894624	HighQuality.single	58DF	chr7:13894346-13894648
chr7	13894938	13894939	ETV1,58DF,credible.variant,chr7:13894939	HighQuality.paired	58DF	chr7:13894837-13896520
chr7	13894981	13894982	ETV1,58DF,credible.variant,chr7:13894982	HighQuality.paired	58DF	chr7:13894837-13896520
chr7	13895114	13895115	ETV1,58DF,credible.variant,chr7:13895115	HighQuality.paired	58DF	chr7:13894837-13896520
chr7	13895703	13895704	ETV1,58DF,credible.variant,chr7:13895704	HighQuality.paired	58DF	chr7:13894837-13896520
chr7	13897919	13897920	ETV1,58DF,credible.variant,chr7:13897920	HighQuality.single	58DF	chr7:13897278-13898576
chr7	13900324	13900325	ETV1,58DF,credible.variant,chr7:13900325	HighQuality.paired	58DF	chr7:13900298-13900433
chr7	13900512	13900513	ETV1,58DF,credible.variant,chr7:13900513	HighQuality.single	58DF	chr7:13900434-13900804
chr7	13959470	13959471	ETV1,58DF,downstream.control,chr7:13959471	PoorQuality	58DF	chr7:13958304-13959543
chr7	14898281	14898282	rs17168486_DGKB,7QTL,eQTL,chr7:14898282	HighQuality.single	7QTL	chr7:14897102-14898301
chr7	15060428	15060429	rs10231021_DGKB,6QTL,eQTL,chr7:15060429	HighQuality.paired	6QTL	chr7:15060353-15061485
chr7	28214613	28214614	JAZF1,4TG,DIAMANTE.Morris,chr7:28214614	HighQuality.paired	4TG	chr7:28214540-28215869
chr7	44198277	44198278	CAMK2B,63DF,upstream.control,chr7:44198278	HighQuality.paired	63DF	chr7:44197699-44198282
chr7	44255642	44255643	CAMK2B,63DF,credible.variant,chr7:44255643	HighQuality.paired	63DF	chr7:44255499-44256450
chr7	44323938	44323939	CAMK2B,63DF,downstream.control,chr7:44323939	HighQuality.paired	63DF	chr7:44323760-44324106
chr8	41509914	41509915	rs4736819_NKX6-3,22QTL,eQTL,chr8:41509915	HighQuality.paired	22QTL	chr8:41509788-41510870
chr8	95836173	95836174	TP53INP1,74DF,upstream.control,chr8:95836174	HighQuality.paired	74DF	chr8:95835484-95836191
chr8	95926889	95926890	TP53INP1,74DF,credible.variant,chr8:95926890	PoorQuality	74DF	chr8:95926260-95926930
chr8	95960510	95960511	TP53INP1,74DF,credible.variant,chr8:95960511	HighQuality.paired	74DF	chr8:95959898-95960648
chr8	95960766	95960767	TP53INP1,74DF,credible.variant,chr8:95960767	HighQuality.paired	74DF	chr8:95960658-95960845
chr8	95960854	95960855	TP53INP1,74DF,credible.variant,chr8:95960855	HighQuality.paired	74DF	chr8:95960846-95961612
chr8	95960885	95960886	TP53INP1,74DF,credible.variant,chr8:95960886	HighQuality.paired	74DF	chr8:95960846-95961612
chr8	95960946	95960947	TP53INP1,74DF,credible.variant,chr8:95960947	HighQuality.paired	74DF	chr8:95960846-95961612
chr8	95961625	95961626	TP53INP1,74DF,credible.variant,chr8:95961626	HighQuality.paired	74DF	chr8:95961613-95961960
chr8	95961793	95961794	TP53INP1,74DF,credible.variant,chr8:95961794	HighQuality.paired	74DF	chr8:95961613-95961960
chr8	95961978	95961979	TP53INP1,74DF,credible.variant,chr8:95961979	HighQuality.paired	74DF	chr8:95961961-95962823
chr8	95965684	95965685	TP53INP1,74DF,credible.variant,chr8:95965685	HighQuality.single	74DF	chr8:95965527-95966162
chr8	95965694	95965695	TP53INP1,74DF,credible.variant,chr8:95965695	HighQuality.single	74DF	chr8:95965527-95966162
chr8	95967371	95967372	TP53INP1,74DF,credible.variant,chr8:95967372	HighQuality.paired	74DF	chr8:95967086-95968731
chr8	95967687	95967688	TP53INP1,74DF,credible.variant,chr8:95967688	HighQuality.paired	74DF	chr8:95967086-95968731
chr8	95968412	95968413	TP53INP1,74DF,credible.variant,chr8:95968413	HighQuality.paired	74DF	chr8:95967086-95968731
chr8	95972452	95972453	TP53INP1,74DF,credible.variant,chr8:95972453	HighQuality.single	74DF	chr8:95972362-95973890
chr8	95972550	95972551	TP53INP1,74DF,credible.variant,chr8:95972551	HighQuality.single	74DF	chr8:95972362-95973890
chr8	95972737	95972738	TP53INP1,74DF,credible.variant,chr8:95972738	HighQuality.single	74DF	chr8:95972362-95973890
chr8	95972818	95972819	TP53INP1,74DF,credible.variant,chr8:95972819	HighQuality.single	74DF	chr8:95972362-95973890
chr8	95972973	95972974	TP53INP1,74DF,credible.variant,chr8:95972974	HighQuality.single	74DF	chr8:95972362-95973890
chr8	95980707	95980708	TP53INP1,74DF,credible.variant,chr8:95980708	HighQuality.paired	74DF	chr8:95980513-95980852
chr8	96036740	96036741	TP53INP1,74DF,downstream.control,chr8:96036741	HighQuality.paired	74DF	chr8:96036462-96038115
chr9	4236293	4236294	GLIS3,79DF,upstream.control,chr9:4236294	HighQuality.paired	79DF	chr9:4236291-4238251
chr9	4290084	4290085	GLIS3,79DF,credible.variant,chr9:4290085	HighQuality.paired	79DF	chr9:4289730-4290389
chr9	4290540	4290541	GLIS3,79DF,credible.variant,chr9:4290541	HighQuality.paired	79DF	chr9:4290390-4290637
chr9	4290822	4290823	GLIS3,79DF,credible.variant,chr9:4290823	HighQuality.paired	79DF	chr9:4290638-4290959
chr9	4291927	4291928	GLIS3,79DF,credible.variant,chr9:4291928	MediumQuality.paired	79DF	chr9:4290960-4292554
chr9	4292082	4292083	GLIS3,79DF,credible.variant,chr9:4292083	MediumQuality.paired	79DF	chr9:4290960-4292554
chr9	4298588	4298589	GLIS3,79DF,credible.variant,chr9:4298589	HighQuality.single	79DF	chr9:4296875-4298788
chr9	4359043	4359044	GLIS3,79DF,downstream.control,chr9:4359044	HighQuality.paired	79DF	chr9:4358029-4359302
chr9	33993592	33993593	DCAF12,81DF,upstream.control,chr9:33993593	PoorQuality	81DF	chr9:33992511-33993957
chr9	34074475	34074476	DCAF12,81DF,credible.variant,chr9:34074476	HighQuality.single	81DF	chr9:34074351-34074738
chr9	34125654	34125655	DCAF12,81DF,downstream.control,chr9:34125655	HighQuality.paired	81DF	chr9:34125329-34126283
chr9	139142356	139142357	GPSM1,85DF,upstream.control,chr9:139142357	HighQuality.single	85DF	chr9:139141864-139142441
chr9	139235414	139235415	GPSM1,85DF,credible.variant,chr9:139235415	HighQuality.paired	85DF	chr9:139235328-139235524
chr9	139237901	139237902	GPSM1,85DF,credible.variant,chr9:139237902	HighQuality.paired	85DF	chr9:139237199-139238101
chr9	139240629	139240630	GPSM1,85DF,credible.variant,chr9:139240630	HighQuality.paired	85DF	chr9:139240450-139240902
chr9	139241029	139241030	GPSM1,85DF,credible.variant,chr9:139241030	HighQuality.paired	85DF	chr9:139240903-139242210
chr9	139241594	139241595	GPSM1,85DF,credible.variant,chr9:139241595	HighQuality.paired	85DF	chr9:139240903-139242210
chr9	139241827	139241828	GPSM1,85DF,credible.variant,chr9:139241828	HighQuality.paired	85DF	chr9:139240903-139242210
chr9	139242655	139242656	GPSM1,85DF,credible.variant,chr9:139242656	HighQuality.paired	85DF	chr9:139242211-139242808
chr9	139243333	139243334	GPSM1,85DF,credible.variant,chr9:139243334	HighQuality.single	85DF	chr9:139242809-139243696
chr9	139245900	139245901	GPSM1,85DF,credible.variant,chr9:139245901	HighQuality.paired	85DF	chr9:139245776-139246207
chr9	139246593	139246594	rs28679497_DNLZ,20QTL,eQTL,chr9:139246594	HighQuality.paired	20QTL	chr9:139246208-139246868
chr9	139246767	139246768	rs61386106_CARD9,21QTL,eQTL,chr9:139246768	HighQuality.paired	21QTL	chr9:139246208-139246868
chr9	139248081	139248082	rs28642213_GPSM1,19QTL,eQTL,chr9:139248082	HighQuality.paired	19QTL	chr9:139247603-139250033
chr9	139304355	139304356	GPSM1,85DF,downstream.control,chr9:139304356	HighQuality.paired	85DF	chr9:139304191-139305592
chr10	12238569	12238570	CDC123,86DF,upstream.control,chr10:12238570	HighQuality.paired	86DF	chr10:12237460-12238616
chr10	12307893	12307894	CDC123,86DF,credible.variant,chr10:12307894	PoorQuality	86DF	chr10:12307468-12308184
chr10	12307893	12307894	CDC123,5TG,DIAMANTE.Morris,chr10:12307894	PoorQuality	5TG	chr10:12307468-12308184
chr10	12309267	12309268	rs11257658_CAMK1D,5QTL,eQTL,chr10:12309268	PoorQuality	5QTL	chr10:12309132-12309290
chr10	12390918	12390919	CDC123,86DF,downstream.control,chr10:12390919	HighQuality.paired	86DF	chr10:12390725-12391881
chr10	80887420	80887421	ZMIZ1,88DF,upstream.control,chr10:80887421	HighQuality.single	88DF	chr10:80886458-80888283
chr10	80942619	80942620	ZMIZ1,88DF,credible.variant,chr10:80942620	HighQuality.paired	88DF	chr10:80942347-80944343
chr10	80942630	80942631	ZMIZ1,88DF,credible.variant,chr10:80942631	HighQuality.paired	88DF	chr10:80942347-80944343
chr10	80942720	80942721	ZMIZ1,88DF,credible.variant,chr10:80942721	HighQuality.paired	88DF	chr10:80942347-80944343
chr10	80942854	80942855	ZMIZ1,88DF,credible.variant,chr10:80942855	HighQuality.paired	88DF	chr10:80942347-80944343
chr10	80943840	80943841	ZMIZ1,88DF,credible.variant,chr10:80943841	HighQuality.paired	88DF	chr10:80942347-80944343
chr10	80944229	80944230	ZMIZ1,88DF,credible.variant,chr10:80944230	HighQuality.paired	88DF	chr10:80942347-80944343
chr10	80946063	80946064	ZMIZ1,88DF,credible.variant,chr10:80945964.offset100	HighQuality.paired	88DF	chr10:80946014-80946278
chr10	80952825	80952826	ZMIZ1,88DF,credible.variant,chr10:80952826	HighQuality.paired	88DF	chr10:80952228-80953199
chr10	80953450	80953451	ZMIZ1,88DF,credible.variant,chr10:80953451	HighQuality.paired	88DF	chr10:80953346-80953569
chr10	80954788	80954789	ZMIZ1,88DF,credible.variant,chr10:80954789	HighQuality.paired	88DF	chr10:80953667-80954993
chr10	81014616	81014617	ZMIZ1,88DF,downstream.control,chr10:81014617	HighQuality.paired	88DF	chr10:81014271-81015589
chr10	94353284	94353285	HHEX,89DF,upstream.control,chr10:94353285	HighQuality.single	89DF	chr10:94352347-94353406
chr10	94429906	94429907	HHEX,89DF,credible.variant,chr10:94429907	PoorQuality	89DF	chr10:94429770-94429943
chr10	94430496	94430497	HHEX,89DF,credible.variant,chr10:94430497	HighQuality.single	89DF	chr10:94429944-94430632
chr10	94444792	94444793	HHEX,89DF,credible.variant,chr10:94444793	PoorQuality	89DF	chr10:94444766-94444986
chr10	94460280	94460281	HHEX,89DF,credible.variant,chr10:94460281	HighQuality.paired	89DF	chr10:94459535-94460708
chr10	94460649	94460650	HHEX,89DF,credible.variant,chr10:94460650	HighQuality.paired	89DF	chr10:94459535-94460708
chr10	94462426	94462427	HHEX,89DF,credible.variant,chr10:94462427	PoorQuality	89DF	chr10:94461749-94462614
chr10	94462881	94462882	HHEX,89DF,credible.variant,chr10:94462882	HighQuality.paired	89DF	chr10:94462615-94462951
chr10	94463778	94463779	HHEX,89DF,credible.variant,chr10:94463779	PoorQuality	89DF	chr10:94463714-94464336
chr10	94463944	94463945	HHEX,89DF,credible.variant,chr10:94463945	PoorQuality	89DF	chr10:94463714-94464336
chr10	94464306	94464307	HHEX,89DF,credible.variant,chr10:94464307	PoorQuality	89DF	chr10:94463714-94464336
chr10	94466438	94466439	HHEX,89DF,credible.variant,chr10:94466439	HighQuality.single	89DF	chr10:94466371-94466711
chr10	94480333	94480334	HHEX,89DF,credible.variant,chr10:94480334	HighQuality.single	89DF	chr10:94479619-94481013
chr10	94602919	94602920	HHEX,89DF,downstream.control,chr10:94602920	HighQuality.single	89DF	chr10:94602069-94602930
chr10	114676180	114676181	TCF7L2,90DF,upstream.control,chr10:114676181	HighQuality.single	90DF	chr10:114675861-114676756
chr10	114758348	114758349	TCF7L2,90DF,credible.variant,chr10:114758349	HighQuality.paired	90DF	chr10:114758225-114758657
chr10	114758348	114758349	TCF7L2,6TG,DIAMANTE.Morris,chr10:114758349	HighQuality.paired	6TG	chr10:114758225-114758657
chr10	114758348	114758349	rs7903146_TCF7L2,12QTL,eQTL,chr10:114758349	HighQuality.paired	12QTL	chr10:114758225-114758657
chr10	114819844	114819845	TCF7L2,90DF,downstream.control,chr10:114819845	HighQuality.paired	90DF	chr10:114818395-114820013
chr10	115016407	115016408	TCF7L2,7TG,DIAMANTE.Morris,chr10:115016408	HighQuality.paired	7TG	chr10:115015251-115016708
chr11	2691499	2691500	IGF2-KCNQ1.combined,8TG,DIAMANTE.Morris,chr11:2691500	HighQuality.paired	8TG	chr11:2691005-2692514
chr11	2740933	2740934	IGF2-KCNQ1.combined,9TG,DIAMANTE.Morris,chr11:2740934	HighQuality.paired	9TG	chr11:2740789-2740944
chr11	2799678	2799679	IGF2-KCNQ1.combined,10TG,DIAMANTE.Morris,chr11:2799679	HighQuality.paired	10TG	chr11:2799236-2799859
chr11	2856427	2856428	IGF2-KCNQ1.combined,11TG,DIAMANTE.Morris,chr11:2856428	HighQuality.paired	11TG	chr11:2856026-2857172
chr11	2857193	2857194	IGF2-KCNQ1.combined,12TG,DIAMANTE.Morris,chr11:2857194	HighQuality.paired	12TG	chr11:2857173-2858049
chr11	2858635	2858636	IGF2-KCNQ1.combined,13TG,DIAMANTE.Morris,chr11:2858636	HighQuality.paired	13TG	chr11:2858050-2859174
chr11	47312688	47312689	rs11039165_MADD,15QTL,eQTL,chr11:47312689	HighQuality.paired	15QTL	chr11:47312219-47312851
chr11	65187554	65187555	MALAT1,97DF,upstream.control,chr11:65187555	HighQuality.single	97DF	chr11:65187376-65187635
chr11	65238120	65238121	MALAT1,97DF,credible.variant,chr11:65238121	HighQuality.single	97DF	chr11:65237863-65238157
chr11	65249144	65249145	MALAT1,97DF,credible.variant,chr11:65249145	PoorQuality	97DF	chr11:65248659-65249520
chr11	65257526	65257527	MALAT1,97DF,credible.variant,chr11:65257527	HighQuality.paired	97DF	chr11:65257188-65257564
chr11	65260645	65260646	MALAT1,97DF,credible.variant,chr11:65260646	HighQuality.single	97DF	chr11:65260220-65261004
chr11	65263894	65263895	MALAT1,97DF,credible.variant,chr11:65263895	HighQuality.single	97DF	chr11:65263640-65264116
chr11	65271831	65271832	MALAT1,97DF,credible.variant,chr11:65271832	HighQuality.paired	97DF	chr11:65271391-65271871
chr11	65278460	65278461	MALAT1,97DF,credible.variant,chr11:65278461	HighQuality.single	97DF	chr11:65278221-65278696
chr11	65294798	65294799	MALAT1,97DF,credible.variant,chr11:65294799	HighQuality.single	97DF	chr11:65294434-65294819
chr11	65301409	65301410	MALAT1,97DF,credible.variant,chr11:65301410	PoorQuality	97DF	chr11:65301332-65301477
chr11	65302892	65302893	MALAT1,97DF,credible.variant,chr11:65302893	HighQuality.paired	97DF	chr11:65302142-65303038
chr11	65307401	65307402	MALAT1,97DF,credible.variant,chr11:65307402	HighQuality.paired	97DF	chr11:65306515-65307456
chr11	65314829	65314830	MALAT1,97DF,credible.variant,chr11:65314830	HighQuality.single	97DF	chr11:65314768-65316065
chr11	65326153	65326154	MALAT1,97DF,credible.variant,chr11:65326154	HighQuality.paired	97DF	chr11:65325223-65327087
chr11	65337250	65337251	MALAT1,97DF,credible.variant,chr11:65337251	HighQuality.single	97DF	chr11:65336606-65337872
chr11	65393410	65393411	MALAT1,97DF,downstream.control,chr11:65393411	HighQuality.paired	97DF	chr11:65393163-65393815
chr11	69448757	69448758	CCND1,98DF,credible.variant,chr11:69448758	HighQuality.single	98DF	chr11:69448265-69449093
chr11	69448911	69448912	CCND1,98DF,credible.variant,chr11:69448912	HighQuality.single	98DF	chr11:69448265-69449093
chr11	69451863	69451864	CCND1,98DF,credible.variant,chr11:69451864	HighQuality.single	98DF	chr11:69450175-69452075
chr11	69453043	69453044	CCND1,98DF,credible.variant,chr11:69453044	HighQuality.paired	98DF	chr11:69452808-69453859
chr11	69454275	69454276	CCND1,98DF,credible.variant,chr11:69454276	HighQuality.paired	98DF	chr11:69453860-69454757
chr11	69455999	69456000	CCND1,98DF,credible.variant,chr11:69456000	HighQuality.paired	98DF	chr11:69455850-69456256
chr11	69458429	69458430	CCND1,98DF,credible.variant,chr11:69458430	HighQuality.paired	98DF	chr11:69458398-69458714
chr11	69459035	69459036	CCND1,98DF,credible.variant,chr11:69459036	HighQuality.paired	98DF	chr11:69458715-69462699
chr11	69462855	69462856	CCND1,98DF,credible.variant,chr11:69462856	HighQuality.single	98DF	chr11:69462700-69462896
chr11	69785928	69785929	CCND1,98DF,downstream.control,chr11:69785929	MediumQuality.single	98DF	chr11:69785461-69787077
chr11	72364660	72364661	ARAP1,99DF,upstream.control,chr11:72364661	HighQuality.paired	99DF	chr11:72364026-72365008
chr11	72429578	72429579	ARAP1,99DF,credible.variant,chr11:72429579	HighQuality.paired	99DF	chr11:72428595-72431015
chr11	72432984	72432985	ARAP1,99DF,credible.variant,chr11:72432985	HighQuality.paired	99DF	chr11:72432526-72433176
chr11	72432984	72432985	rs11603334_STARD10,4QTL,eQTL,chr11:72432985	HighQuality.paired	4QTL	chr11:72432526-72433176
chr11	72433097	72433098	ARAP1,99DF,credible.variant,chr11:72433098	HighQuality.paired	99DF	chr11:72432526-72433176
chr11	72455884	72455885	ARAP1,99DF,credible.variant,chr11:72455885	HighQuality.paired	99DF	chr11:72455176-72455927
chr11	72457486	72457487	ARAP1,99DF,credible.variant,chr11:72457487	HighQuality.paired	99DF	chr11:72457051-72457797
chr11	72460397	72460398	ARAP1,99DF,credible.variant,chr11:72460398	HighQuality.single	99DF	chr11:72460261-72460706
chr11	72460693	72460694	ARAP1,99DF,credible.variant,chr11:72460694	HighQuality.single	99DF	chr11:72460261-72460706
chr11	72460761	72460762	ARAP1,99DF,credible.variant,chr11:72460762	HighQuality.single	99DF	chr11:72460707-72461018
chr11	72463434	72463435	ARAP1,99DF,credible.variant,chr11:72463435	HighQuality.paired	99DF	chr11:72463022-72463974
chr11	72514782	72514783	ARAP1,99DF,downstream.control,chr11:72514783	HighQuality.paired	99DF	chr11:72514662-72514897
chr11	92708709	92708710	MTNR1B,14TG,DIAMANTE.Morris,chr11:92708710	HighQuality.paired	14TG	chr11:92708627-92709545
chr12	4399049	4399050	CCND2,15TG,DIAMANTE.Morris,chr12:4399050	HighQuality.paired	15TG	chr12:4398272-4399083
chr12	27908110	27908111	KLHL42,103DF,upstream.control,chr12:27908111	HighQuality.single	103DF	chr12:27907365-27908434
chr12	27960106	27960107	KLHL42,103DF,credible.variant,chr12:27960107	HighQuality.paired	103DF	chr12:27959310-27960228
chr12	27960151	27960152	KLHL42,103DF,credible.variant,chr12:27960152	HighQuality.paired	103DF	chr12:27959310-27960228
chr12	27960169	27960170	KLHL42,103DF,credible.variant,chr12:27960170	HighQuality.paired	103DF	chr12:27959310-27960228
chr12	27960472	27960473	KLHL42,103DF,credible.variant,chr12:27960473	HighQuality.single	103DF	chr12:27960384-27960722
chr12	27962102	27962103	KLHL42,103DF,credible.variant,chr12:27962103	PoorQuality	103DF	chr12:27960723-27962498
chr12	27962259	27962260	KLHL42,103DF,credible.variant,chr12:27962260	PoorQuality	103DF	chr12:27960723-27962498
chr12	27962718	27962719	KLHL42,103DF,credible.variant,chr12:27962719	HighQuality.single	103DF	chr12:27962499-27962898
chr12	27962933	27962934	KLHL42,103DF,credible.variant,chr12:27962934	HighQuality.paired	103DF	chr12:27962899-27963113
chr12	27963300	27963301	KLHL42,103DF,credible.variant,chr12:27963301	HighQuality.single	103DF	chr12:27963166-27963411
chr12	27963401	27963402	KLHL42,103DF,credible.variant,chr12:27963402	HighQuality.single	103DF	chr12:27963166-27963411
chr12	27963506	27963507	KLHL42,103DF,credible.variant,chr12:27963507	PoorQuality	103DF	chr12:27963412-27963586
chr12	27963675	27963676	KLHL42,103DF,credible.variant,chr12:27963676	PoorQuality	103DF	chr12:27963587-27963701
chr12	27963838	27963839	KLHL42,103DF,credible.variant,chr12:27963839	HighQuality.paired	103DF	chr12:27963740-27964106
chr12	27964647	27964648	KLHL42,103DF,credible.variant,chr12:27964648	HighQuality.single	103DF	chr12:27964411-27964779
chr12	27964790	27964791	KLHL42,103DF,credible.variant,chr12:27964781.offset10	HighQuality.single	103DF	chr12:27964780-27965214
chr12	27964880	27964881	KLHL42,103DF,credible.variant,chr12:27964881	HighQuality.single	103DF	chr12:27964780-27965214
chr12	27964927	27964928	KLHL42,103DF,credible.variant,chr12:27964928	HighQuality.single	103DF	chr12:27964780-27965214
chr12	27965149	27965150	KLHL42,103DF,credible.variant,chr12:27965150	HighQuality.single	103DF	chr12:27964780-27965214
chr12	28051042	28051043	KLHL42,103DF,downstream.control,chr12:28051043	HighQuality.paired	103DF	chr12:28050973-28051607
chr12	56860576	56860577	rs2933243_RDH5,14QTL,eQTL,chr12:56860577	PoorQuality	14QTL	chr12:56860481-56860616
chr12	133010617	133010618	FBRSL1,109DF,upstream.control,chr12:133010618	HighQuality.single	109DF	chr12:133010201-133011069
chr12	133066391	133066392	FBRSL1,109DF,credible.variant,chr12:133066392	HighQuality.paired	109DF	chr12:133066385-133066852
chr12	133068483	133068484	FBRSL1,109DF,credible.variant,chr12:133068484	HighQuality.paired	109DF	chr12:133068271-133069160
chr12	133069133	133069134	FBRSL1,109DF,credible.variant,chr12:133069134	HighQuality.paired	109DF	chr12:133068271-133069160
chr12	133069697	133069698	FBRSL1,109DF,credible.variant,chr12:133069698	HighQuality.paired	109DF	chr12:133069446-133071551
chr12	133070293	133070294	FBRSL1,109DF,credible.variant,chr12:133070294	HighQuality.paired	109DF	chr12:133069446-133071551
chr12	133072766	133072767	FBRSL1,109DF,credible.variant,chr12:133072767	HighQuality.paired	109DF	chr12:133071857-133074327
chr12	133080448	133080449	FBRSL1,109DF,credible.variant,chr12:133080449	HighQuality.paired	109DF	chr12:133079027-133080595
chr12	133087706	133087707	FBRSL1,109DF,credible.variant,chr12:133087707	HighQuality.paired	109DF	chr12:133087591-133088751
chr12	133088289	133088290	FBRSL1,109DF,credible.variant,chr12:133088290	HighQuality.paired	109DF	chr12:133087591-133088751
chr12	133170280	133170281	FBRSL1,109DF,downstream.control,chr12:133170281	HighQuality.single	109DF	chr12:133170011-133170558
chr14	100832281	100832282	rs2146105_WARS,16QTL,eQTL,chr14:100832282	HighQuality.paired	16QTL	chr14:100832166-100832520
chr15	62228794	62228795	C2CD4A,113DF,upstream.control,chr15:62228795	HighQuality.paired	113DF	chr15:62228340-62229603
chr15	62383154	62383155	C2CD4A,113DF,credible.variant,chr15:62383155	HighQuality.paired	113DF	chr15:62383058-62383473
chr15	62388529	62388530	C2CD4A,113DF,credible.variant,chr15:62388530	PoorQuality	113DF	chr15:62387695-62388871
chr15	62391607	62391608	C2CD4A,113DF,credible.variant,chr15:62391608	HighQuality.single	113DF	chr15:62391239-62392230
chr15	62394689	62394690	C2CD4A,113DF,credible.variant,chr15:62394690	HighQuality.single	113DF	chr15:62394228-62395315
chr15	62395223	62395224	C2CD4A,113DF,credible.variant,chr15:62395224	HighQuality.single	113DF	chr15:62394228-62395315
chr15	62396941	62396942	C2CD4A,113DF,credible.variant,chr15:62396942	HighQuality.paired	113DF	chr15:62396719-62397191
chr15	62399092	62399093	C2CD4A,113DF,credible.variant,chr15:62399093	PoorQuality	113DF	chr15:62398891-62399809
chr15	62456048	62456049	C2CD4A,113DF,downstream.control,chr15:62456049	HighQuality.paired	113DF	chr15:62454685-62456146
chr15	71116444	71116445	rs8042275_LARP6,18QTL,eQTL,chr15:71116445	PoorQuality	18QTL	chr15:71116163-71116631
chr15	77806769	77806770	rs59153558_HMG20A,8QTL,eQTL,chr15:77806770	HighQuality.paired	8QTL	chr15:77806764-77807449
chr15	90407118	90407119	rs2165069_C15orf38-AP3S2,2QTL,eQTL,chr15:90407119	HighQuality.single	2QTL	chr15:90407112-90407857
chr15	90407118	90407119	rs2165069_AP3S2,3QTL,eQTL,chr15:90407119	HighQuality.single	3QTL	chr15:90407112-90407857
chr16	81534789	81534790	CMIP,16TG,DIAMANTE.Morris,chr16:81534790	HighQuality.single	16TG	chr16:81534334-81534842
chr17	6953154	6953155	rs113748381_POLR2A,11QTL,eQTL,chr17:6953155	HighQuality.single	11QTL	chr17:6953142-6953430
chr19	45411940	45411941	TOMM40-GIPR.combined,17TG,DIAMANTE.Morris,chr19:45411941	PoorQuality	17TG	chr19:45411533-45412838
