chr	bp start	bp end	BLATed	Density	Duplicates	Duplication	FragID	Oligo_Size	Percent_CG	Percent_GC	RepeatClass	RepeatSequence	RepeatType	Sequence	SimpleRepeat	SRepeatLength	V18	chrom	type	quality	fragment
chr1	117453392	117453462	1	1	1	0	PTGFRN,4DF,upstream.control,chr1:117453383	70	11.43	60	NA	NA	NA	AGGGTGGCCCGGAGCGTTACAATGGAAATCGGCGGGCGAGTCCTGCCGTCATTTTCGTCGTGGCTAGATC	0	0	NA	1	single	HighQuality	chr1:117452579-117453460
chr1	117529451	117529521	1	3	1	0	PTGFRN,4DF,credible.variant,chr1:117529458	70	8.57	64.29	NA	NA	NA	GATCGGCGTCGGTCTGTCCACGGTCATCGGGCTCCTGTCCTGTCTCATCGGGTACTGCAGCTCCCACTGG	0	0	NA	1	single	HighQuality	chr1:117529453-117529885
chr1	117531150	117531220	1	35	1	0	PTGFRN,4DF,credible.variant,chr1:117531620	70	0	32.86	NA	NA	NA	GATCTAACACTGCTCTCTCTTCCAAAGGGGAAAAAAAGATTCATTTGTTTTGAGCAATAAACTAATACAA	0	0	NA	1	paired	MediumQuality	chr1:117531152-117532487
chr1	117532419	117532489	1	37	1	0	PTGFRN,4DF,credible.variant,chr1:117531620	70	0	45.71	NA	NA	NA	ATTTAAAAATGTATTTATTTGAGTGTCTTTCCCCCCCTCACCCTCACCATCTGAGGGGCTCCCTGAGATC	0	0	NA	1	paired	MediumQuality	chr1:117531152-117532487
chr1	117532851	117532921	1	7	1	0	PTGFRN,4DF,credible.variant,chr1:117532790.offset100	70	0	28.57	NA	NA	NA	GATCTTGTGTATTTTTGTCCATATCCAATGTTATATGAACTAATTGTATTGTTTTATACTGTGACCACAA	0	0	NA	1	paired	HighQuality	chr1:117532853-117533075
chr1	117533007	117533077	1	3	1	0	PTGFRN,4DF,credible.variant,chr1:117532790.offset100	70	1.43	47.14	NA	NA	NA	CTGTCCTTTCATATCTTCAGCGTGAGGGATTGTGACTGGATTCCAGCAGCAACTTTAGCACCTTCTGATC	0	0	NA	1	paired	HighQuality	chr1:117532853-117533075
chr1	117601638	117601708	1	14	1	0	PTGFRN,4DF,downstream.control,chr1:117601989	70	2.86	40	NA	NA	NA	GATCCCCATAACATGTACATTTATCACATCGCCCAGATTTCCTAGACATTACAGATTTTCTGTTCTACGG	0	0	NA	1	paired	HighQuality	chr1:117601640-117603323
chr1	117603255	117603325	1	2	1	0	PTGFRN,4DF,downstream.control,chr1:117601989	70	4.29	60	NA	NA	NA	GGCGTCACAGGGCCGAGGAGTGGTGGGGCCCTAGTTTGCGGTGTCAGGACCCTTTAAGCAATTGGTGATC	0	0	NA	1	paired	HighQuality	chr1:117601640-117603323
chr2	60443412	60443482	1	8	1	0	MIR4432HG,11DF,upstream.control,chr2:60443975	70	1.43	28.57	NA	NA	NA	GATCAAATATTTATGTTTCTTTACAAATAGGTACACACTTTAAGAGATTAGATTTTATTCGTGGGCCTTA	0	0	NA	2	paired	HighQuality	chr2:60443414-60444378
chr2	60444310	60444380	1	9	1	0	MIR4432HG,11DF,upstream.control,chr2:60443975	70	0	40	NA	NA	NA	ATTTCTGGACCTGTTCTGGTGCTCAAAATGTGGAAAATCAAAACATCTGAAGAACTGGGTGATACTGATC	0	0	NA	2	paired	HighQuality	chr2:60443414-60444378
chr2	60579537	60579607	1	19	1	0	MIR4432HG,11DF,credible.variant,chr2:60579624	70	0	47.14	NA	NA	NA	GATCCCCACTTCTCTCTGCCTGTCTAAATCCTCTCTTCTTTGAAAAGCAGCTCAGAGCTGCCTCTTTCTT	0	0	NA	2	paired	HighQuality	chr2:60579539-60580521
chr2	60580453	60580523	1	8	1	0	MIR4432HG,11DF,credible.variant,chr2:60579624	70	1.43	51.43	NA	NA	NA	GCAGCAGTAAAAGCAAATGCCACTGTGTTGCTGGACCTCACGGAAGCCCCTGCCCACATTTAGAAAGATC	0	0	NA	2	paired	HighQuality	chr2:60579539-60580521
chr2	60580619	60580689	1	7	1	0	MIR4432HG,11DF,credible.variant,chr2:60580831	70	1.43	48.57	NA	NA	NA	GATCTTTGAGGCCAAAATGGTGTTTTTGTTCATTAGGCAAAGTTGCAGGCCCAGGCAGCAGCGGCTTTCT	0	0	NA	2	paired	HighQuality	chr2:60580621-60581035
chr2	60580967	60581037	1	7	1	0	MIR4432HG,11DF,credible.variant,chr2:60580831	70	0	37.14	NA	NA	NA	CACAGTTACTTCCATACAAGGTTCAAGGTGGTTGGTTATATTTAAATATAGAATTTCCCCCTACCTGATC	0	0	NA	2	paired	HighQuality	chr2:60580621-60581035
chr2	60581476	60581546	1	11	1	0	MIR4432HG,11DF,credible.variant,chr2:60581855	70	1.43	42.86	NA	NA	NA	GATCGGGAAATGTAATTCACCACCCTCCAGTGCCATAGTCCATGGAGTGGAAAATTCTAAATTCAAACCT	0	0	NA	2	paired	HighQuality	chr2:60581478-60582726
chr2	60582658	60582728	1	6	1	0	MIR4432HG,11DF,credible.variant,chr2:60581855	70	0	37.14	NA	NA	NA	ATTCATGGCAGCAGCATAAAGTCATAACTAAGAGCACAGATTTAGGACTCAAAACACTTGGATATTGATC	0	0	NA	2	paired	HighQuality	chr2:60581478-60582726
chr2	60585514	60585584	1	6	1	0	MIR4432HG,11DF,credible.variant,chr2:60586707	70	0	48.57	NA	NA	NA	GATCCCAGGAAAAGGTTCAGTTTTGCCACCACCTGCACAAGGCCAGGATATGACTGGTTTGACAATCTCT	0	0	NA	2	paired	HighQuality	chr2:60585516-60587368
chr2	60587300	60587370	1	2	1	0	MIR4432HG,11DF,credible.variant,chr2:60586707	70	0	61.43	NA	NA	NA	GCCATGGAGGGGCAAGATGAGCCTGGGACCACTACCTTTGAGGGTTGGCCAAGAGTGGGCACCCTGGATC	0	0	NA	2	paired	HighQuality	chr2:60585516-60587368
chr2	60651314	60651384	1	25	1	0	MIR4432HG,11DF,downstream.control,chr2:60651345	70	1.43	35.71	NA	NA	NA	CTTTTAGCAAAAAGAATATGGCAAAAGTGATAAGATGTGAATTCCAAGGTCAGGTTACGAAAGTCTGATC	0	0	NA	2	single	HighQuality	chr2:60651183-60651382
chr2	165465862	165465932	1	18	1	0	COBLL1,16DF,upstream.control,chr2:165466569	70	0	51.43	NA	NA	NA	GATCAACTGGACCTTTGCTGTGGCTGTGCTGCAGCCCAACTTCTCCCTGTGTCCATTCCTACAAGTATTG	0	0	NA	2	paired	HighQuality	chr2:165465864-165466823
chr2	165466755	165466825	1	7	1	0	COBLL1,16DF,upstream.control,chr2:165466569	70	0	34.29	NA	NA	NA	CTTGCTCTGAGAGACTCATACTATAAACCTAACTAATATTTCCACTTAATCTTTTCTAAAGCTGTGGATC	0	0	NA	2	paired	HighQuality	chr2:165465864-165466823
chr2	165518243	165518313	1	6	1	0	COBLL1,16DF,credible.variant,chr2:165518799	70	0	27.14	NA	NA	NA	GATCCATAAACTGTTTGGAATTTAATTTATAAGTAAGTACTATAGTATTAGGATTACTTCAAGTAAAGCC	0	0	NA	2	single	HighQuality	chr2:165518245-165519139
chr2	165527395	165527465	1	5	1	0	COBLL1,16DF,credible.variant,chr2:165528624	70	0	41.43	NA	NA	NA	GATCAGATTCATGGTCAATTGACATTTATTCTAGTGCCTGCCAAGTCCTGGGTGCTTTCACCAGTATTAT	0	0	NA	2	paired	HighQuality	chr2:165527397-165528799
chr2	165528731	165528801	1	9	1	0	COBLL1,16DF,credible.variant,chr2:165528624	70	0	44.29	NA	NA	NA	GAGGGAATTTAAATGTGACTTACTTGGCAATGACAAGTGTCTGTCCCTTCAGTGCCTCCTGAATGAGATC	0	0	NA	2	paired	HighQuality	chr2:165527397-165528799
chr2	165544829	165544899	1	18	1	0	COBLL1,16DF,credible.variant,chr2:165545615	70	0	32.86	NA	NA	NA	GATCTTACTGATTTTAATGCCAGTTTATAACTACTTTATATTTATTTTAGTGCCTGGGACAGTGTAGTGC	0	0	NA	2	paired	HighQuality	chr2:165544831-165546011
chr2	165545943	165546013	1	13	1	0	COBLL1,16DF,credible.variant,chr2:165545615	70	0	27.14	NA	NA	NA	TGTTAGAATTTAAAAGAAACTAGAAGAAATTTTCAGTACAGAACAGAAACATAAGACTTAAGCAAAGATC	0	0	NA	2	paired	HighQuality	chr2:165544831-165546011
chr2	165547889	165547959	1	8	1	0	COBLL1,16DF,credible.variant,chr2:165548569	70	1.43	35.71	NA	NA	NA	GATCACAGAAGGAATTCACAAAATGAAATGCCTCGGGAGTTAATGGAATAATAAGTACTTTCCTTGTCTT	0	0	NA	2	paired	HighQuality	chr2:165547891-165551628
chr2	165551560	165551630	1	7	1	0	COBLL1,16DF,credible.variant,chr2:165548569	70	0	42.86	NA	NA	NA	CTGTTTGGATGGCAGTTTCTTTCACATTCTCATGAGTGTGCTTTTTCCCTAAAGCATGCATGTCCTGATC	0	0	NA	2	paired	HighQuality	chr2:165547891-165551628
chr2	165554270	165554340	1	9	1	0	COBLL1,16DF,credible.variant,chr2:165554302	70	0	41.43	NA	NA	NA	GATCATTTCCAGTGATTGGCAGTCCTGGAAACCCAGAATCCATCCTCATATACAACTGACAATGATGTTA	0	0	NA	2	paired	HighQuality	chr2:165554272-165554363
chr2	165554295	165554365	1	9	1	0	COBLL1,16DF,credible.variant,chr2:165554302	70	0	37.14	NA	NA	NA	GGAAACCCAGAATCCATCCTCATATACAACTGACAATGATGTTAACCAAGTGTTTATAAATGGCTAGATC	0	0	NA	2	paired	HighQuality	chr2:165554272-165554363
chr2	165627665	165627735	1	11	1	0	COBLL1,16DF,downstream.control,chr2:165628430	70	0	25.71	NA	NA	NA	GATCATTGTTTATATTTATGAATTTAATGAGATACCTATAATTTATGTGCACTTTAAGAAACCACAGATG	0	0	NA	2	paired	HighQuality	chr2:165627667-165628595
chr2	165628527	165628597	1	12	1	0	COBLL1,16DF,downstream.control,chr2:165628430	70	1.43	35.71	NA	NA	NA	ACACCAAGAGGTACCTTCTCCTCTTCCTTATTAATGACATCATTAAGTTTGCTTATTTATAGTCTCGATC	0	0	NA	2	paired	HighQuality	chr2:165627667-165628595
chr3	23456876	23456946	1	5	1	0	rs13094957_UBE2E2,13QTL,eQTL,chr3:23457080	70	1.43	41.43	NA	NA	NA	GATCCATCAGTGGGTTGTAAAATCAAATTAGCGAGACCAACATCCTTTGCTACCATAGTATAGGATGGGA	0	0	NA	3	single	HighQuality	chr3:23456878-23457907
chr3	122921221	122921291	1	9	1	0	ADCY5,24DF,upstream.control,chr3:122921315	70	0	48.57	NA	NA	NA	GATCTACCTGTGTAGGTGGCCCATGAGAGCTTGAGGTGGCATTTCCTATTTCTTTTAGGCAGAATGGGAC	0	0	NA	3	paired	HighQuality	chr3:122921223-122921553
chr3	122921485	122921555	1	11	1	0	ADCY5,24DF,upstream.control,chr3:122921315	70	0	44.29	NA	NA	NA	CTGGCTTGAATCTCTCTGCCAGTGAAGACAGCTTAAGATAATTTTTCCCTGCTGCTTAGTTTCCTGGATC	0	0	NA	3	paired	HighQuality	chr3:122921223-122921553
chr3	123054431	123054501	1	23	1	0	ADCY5,1TG,DIAMANTE.Morris,chr3:123054770	70	1.43	65.71	NA	NA	NA	GATCCAACACCCTGGCACTGTGAGGGAGGTGGGAGGACCCCTGGGAGCTGCTGCTGTGGTACCGGACAGG	0	0	NA	3	single	HighQuality	chr3:123054433-123056325
chr3	123065365	123065435	1	10	1	0	rs11708067_ADCY5,1QTL,eQTL,chr3:123065778	70	0	55.71	NA	NA	NA	GATCCCAGGGCAGACTTGGGAACTGGGCAGTTCTCATTCTGCCTGAAGAAAACAGTGCTTCCCTCACCCC	0	0	NA	3	single	HighQuality	chr3:123065367-123067174
chr3	123068662	123068732	1	10	1	0	ADCY5,24DF,credible.variant,chr3:123068744	70	0	51.43	NA	NA	NA	GATCACTTTGCTTGTCTCCAAGCTTGCTGCCTCTGGTCCATCCTTCCCACTGCAAGCAAGCAACTGCTTT	0	0	NA	3	paired	HighQuality	chr3:123068664-123068784
chr3	123068716	123068786	1	8	1	0	ADCY5,24DF,credible.variant,chr3:123068744	70	1.43	48.57	NA	NA	NA	GCAAGCAACTGCTTTTCCTAAAATACACCAGACCATGTCGCCTTCTAAGCCTCCTGACACTGCTGAGATC	0	0	NA	3	paired	HighQuality	chr3:123068664-123068784
chr3	123069729	123069799	1	11	1	0	ADCY5,24DF,credible.variant,chr3:123070517	70	0	55.71	NA	NA	NA	GATCTCAGGTGAGAGATGCTGAGGCCTGGAATGGGGATGATGAGGGGCTTTTCAGGAATGCTGAGGCCTG	0	0	NA	3	paired	HighQuality	chr3:123069731-123070561
chr3	123070493	123070563	1	13	1	0	ADCY5,24DF,credible.variant,chr3:123070517	70	0	54.29	NA	NA	NA	GTGTGAGCCATGACTCAGAGTCACCAGACCCCTACCTGATTCACACACAGAAGAGGAGACAGTGGGGATC	0	0	NA	3	paired	HighQuality	chr3:123069731-123070561
chr3	123127983	123128053	1	7	1	0	ADCY5,24DF,downstream.control,chr3:123128552	70	0	45.71	NA	NA	NA	GATCTGGCTCTGCCTATAACCAGCCTGGAAAGTCTTTATAAAATCTGCTCCCCATCTGACCTTGGGTTTT	0	0	NA	3	paired	HighQuality	chr3:123127985-123128951
chr3	123128883	123128953	1	9	1	0	ADCY5,24DF,downstream.control,chr3:123128552	70	0	62.86	NA	NA	NA	GTTCCCTGAGGCAGTGTGGCCCCATAGCCCTGAGGTCCCTCTGCTCTCCCACATGAGCAGGTGCTGGATC	0	0	NA	3	paired	HighQuality	chr3:123127985-123128951
chr3	187687378	187687448	1	4	1	0	LOC105374266,29DF,upstream.control,chr3:187687425	70	0	48.57	NA	NA	NA	GATCTCCAGGCCCTTCTGTCCTACCAAGGGTAGATGACATCTGCCCAATAGATTATACCCAGTTCAGAAG	0	0	NA	3	paired	HighQuality	chr3:187687380-187688058
chr3	187687990	187688060	1	7	1	0	LOC105374266,29DF,upstream.control,chr3:187687425	70	0	37.14	NA	NA	NA	CCCTGAGCCCTAAAATGTAGTTCTAACATCCTTAGTAATGTTCTTTTCAAATCTGATGACTTGAGAGATC	0	0	NA	3	paired	HighQuality	chr3:187687380-187688058
chr3	187740511	187740581	1	2	1	0	LOC105374266,29DF,credible.variant,chr3:187740523	70	0	42.86	NA	NA	NA	AACCACCTGTCTGTCAGTGAAGGTTCTGATAGATAGAACTAGGTGTCTCTGAGATTAGGTGAGAATGATC	0	0	NA	3	single	HighQuality	chr3:187739978-187740579
chr3	187741980	187742050	1	34	1	0	LOC105374266,29DF,credible.variant,chr3:187740899	70	0	30	NA	NA	NA	GTTTTAAGTGGAAATTTTAAAATATGTGCATACATGTGAGACTTCTGAGTCCTATCATTCATATTTGATC	0	0	NA	3	single	MediumQuality	chr3:187740727-187742048
chr3	187809032	187809102	1	15	1	0	LOC105374266,29DF,downstream.control,chr3:187808629	70	0	55.71	NA	NA	NA	CTGCCAGGTCCCATCAGAAGCTGAATTTGGGTGCAGCCCCTCCTGCTGGGAAAAGCAGAGGTCTTTGATC	0	0	NA	3	single	HighQuality	chr3:187808445-187809100
chr4	44996528	44996598	1	5	1	0	GNPDA2,32DF,upstream.control,chr4:44996579	70	1.43	50	NA	NA	NA	GATCCAAAGCACGGGATTCCCTTCCCCACCAATTGCTTCTACTAAAACACCAGAGAGAGCTTTTCCAGCC	0	0	NA	4	paired	HighQuality	chr4:44996530-44996980
chr4	44996912	44996982	1	3	1	0	GNPDA2,32DF,upstream.control,chr4:44996579	70	0	42.86	NA	NA	NA	ATACCCATAGCCAATTCTACCATCAACCAAGATTCTCCAAACCTCCAGATATTACCTTTCCTTGGGGATC	0	0	NA	4	paired	HighQuality	chr4:44996530-44996980
chr4	45068733	45068803	1	6	1	0	GNPDA2,32DF,credible.variant,chr4:45068929	70	0	44.29	NA	NA	NA	GATCCCAAAGGCAGAGGGTGTAGATATCTAAGAGAAGAGTGCATGTTAGGAGCCTGGTATTTCAATATCC	0	0	NA	4	paired	HighQuality	chr4:45068735-45069807
chr4	45069739	45069809	1	13	1	0	GNPDA2,32DF,credible.variant,chr4:45068929	70	0	24.29	NA	NA	NA	TTAATATTGCAAAATATTTTAACTTGTGAGTACTATTATTCCTAAATCTAATGCAATAAGTGAATGGATC	0	0	NA	4	paired	HighQuality	chr4:45068735-45069807
chr4	45071264	45071334	1	36	3	1	GNPDA2,32DF,credible.variant,chr4:45071269	70	1.43	34.29	NA	NA	NA	GATCTCGTGGAATAAATTTCTATGCAGCAAAATGTTCAAGGTGTAAACTTGCTGCTTCTAACAGTATATA	0	0	NA	4	paired	MediumQuality	chr4:45071266-45071358
chr4	45071290	45071360	1	28	1	0	GNPDA2,32DF,credible.variant,chr4:45071269	70	0	32.86	NA	NA	NA	CAAAATGTTCAAGGTGTAAACTTGCTGCTTCTAACAGTATATATTCATATCTGTTCACAAAGTGATGATC	0	0	NA	4	paired	MediumQuality	chr4:45071266-45071358
chr4	45074857	45074927	1	22	1	0	GNPDA2,32DF,credible.variant,chr4:45075034	70	0	22.86	NA	NA	NA	GATCTATGGGTTTTTTGTCCATTAGAACAGAAAAGAATTAAAATCAAATCTGTAATAATTTATATTGTAT	0	0	NA	4	single	HighQuality	chr4:45074859-45075470
chr4	45077281	45077351	1	4	1	0	GNPDA2,32DF,credible.variant,chr4:45076195	70	1.43	37.14	NA	NA	NA	CATACCCCGTTATATTAACACTTTCCCAGTCCAATATTCATACTTGTCCTTACCAGAAACATCTAAGATC	0	0	NA	4	single	HighQuality	chr4:45075995-45077349
chr4	45132906	45132976	1	6	2	1	GNPDA2,32DF,credible.variant,chr4:45133240	70	1.43	51.43	NA	NA	NA	GATCAGGCAGGCATAAGCTGGACGTGGGCCAGACAAGAGCTGCAGAAGTGTCTGCCAGTAAAAACAAGTT	0	0	NA	4	paired	HighQuality	chr4:45132908-45134303
chr4	45134235	45134305	1	12	1	0	GNPDA2,32DF,credible.variant,chr4:45133240	70	0	32.86	NA	NA	NA	TAGATATTTTGGTATTCCTGCAAATCTTCTTGAGCTTTGTTCTGACATAAAGTTTGCAAATGGTTTGATC	0	0	NA	4	paired	HighQuality	chr4:45132908-45134303
chr4	45142300	45142370	1	10	6	1	GNPDA2,32DF,credible.variant,chr4:45142805	70	0	31.43	NA	NA	NA	GATCTTTCTAAAGTGTAAACCAATGTTCATGCTTTTCAATTGTCTTGCTAAAAAACATTGCTTCTTTAGC	0	0	NA	4	paired	HighQuality	chr4:45142302-45142832
chr4	45142764	45142834	1	18	6	1	GNPDA2,32DF,credible.variant,chr4:45142805	70	0	34.29	NA	NA	NA	GAATCAAAGTCTTCATGTACCACATAAAATGTTTATTACAACAAAGTAAACCAGCTGTGTGCCTTTGATC	0	0	NA	4	paired	HighQuality	chr4:45142302-45142832
chr4	45175623	45175693	1	5	1	0	GNPDA2,32DF,credible.variant,chr4:45175691	70	0	47.14	NA	NA	NA	GATCTGCATTCACTGCTTCCATCATTTGGCAGCTTTCTTCAGTCAGGGGAGTATTTACCCAGTCATGGCA	0	0	NA	4	paired	HighQuality	chr4:45175625-45175934
chr4	45175866	45175936	1	8	1	0	GNPDA2,32DF,credible.variant,chr4:45175691	70	0	32.86	NA	NA	NA	TTTCCCACTACTACCTGGCAGTATACCTATATTTCTTAGCAGTATATGAAATAATACTGTGATTATGATC	0	0	NA	4	paired	HighQuality	chr4:45175625-45175934
chr4	45180129	45180199	1	14	1	0	GNPDA2,32DF,credible.variant,chr4:45179883	70	1.43	41.43	NA	NA	NA	CATGACAAACTCGGTTAATGTTTTGAAGGACATCCTGTTTCTAAGAGCTTACTTAGCAGAGCCCATGATC	0	0	NA	4	single	HighQuality	chr4:45179751-45180197
chr4	45182268	45182338	1	5	1	0	GNPDA2,32DF,credible.variant,chr4:45181334	70	2.86	41.43	NA	NA	NA	AAAGATAAGTTCGCCAAAGCCGGGCATGTAAACTGTGATTAAGACATTGGGCTTTGAATTCAGAGTGATC	0	0	NA	4	single	HighQuality	chr4:45180845-45182336
chr4	45186134	45186204	1	26	1	0	GNPDA2,32DF,credible.variant,chr4:45186139	70	1.43	38.57	NA	NA	NA	GATCTGCTAAGTAGTTCAAGCAAAGGTTTCTCAGCGTTTTCTTATTTTTCTGGCATTGGAGTTTTCTGTG	0	0	NA	4	paired	HighQuality	chr4:45186136-45186215
chr4	45186147	45186217	1	26	1	0	GNPDA2,32DF,credible.variant,chr4:45186139	70	1.43	41.43	NA	NA	NA	TTCAAGCAAAGGTTTCTCAGCGTTTTCTTATTTTTCTGGCATTGGAGTTTTCTGTGCCAGGGGTTAGATC	0	0	NA	4	paired	HighQuality	chr4:45186136-45186215
chr4	45237092	45237162	1	29	1	0	GNPDA2,32DF,downstream.control,chr4:45238273	70	1.43	24.29	NA	NA	NA	GATCTTCCCTTTATCTTTGGTTTTCTTCAGTTTAAATATAATACGTCTAGGTATAATTTGTTTTTATATT	0	0	NA	4	paired	HighQuality	chr4:45237094-45238757
chr4	45238689	45238759	1	13	1	0	GNPDA2,32DF,downstream.control,chr4:45238273	70	0	27.14	NA	NA	NA	ACTTCTGAGTTCTTTAGATGTTGAAACTGAAATAAAAGGTTGGATAGTAAATTTTAATGACTAAAAGATC	0	0	NA	4	paired	HighQuality	chr4:45237094-45238757
chr5	76372859	76372929	1	2	1	0	ZBED3-AS1,44DF,upstream.control,chr5:76373756	70	8.57	61.43	NA	NA	NA	GATCCTACAGTTAGCTGGAGCTTCCGAGTGAGTAGCGGCTGCGGGCCTGGCTTCGGTTACGGCTTCGGTC	0	0	NA	5	paired	HighQuality	chr5:76372861-76373757
chr5	76373689	76373759	1	7	1	0	ZBED3-AS1,44DF,upstream.control,chr5:76373756	70	7.14	57.14	NA	NA	NA	TCGCCACTCCTCATTCTGCGGCGCCCGCACGCTGGGGAGCAGGGGAAGAATAATAATGAGTGTTAGGATC	0	0	NA	5	paired	HighQuality	chr5:76372861-76373757
chr5	76424920	76424990	1	5	1	0	ZBED3-AS1,44DF,credible.variant,chr5:76424949	70	1.43	32.86	NA	NA	NA	GATCTGTGTCCACATAAAAAATTACCAACGTTTTCCCAACTAGTTTAGTAGTGAAAGTACCATCTAATTT	0	0	NA	5	single	HighQuality	chr5:76424922-76425190
chr5	76425799	76425869	1	18	1	0	ZBED3-AS1,44DF,credible.variant,chr5:76425867	70	1.43	42.86	NA	NA	NA	GATCTCCTCTCATCTCGATTCTGTTTTCACACAGAGATGCAGTTGTTTTTCACAGTCTGGAGCATAGAGA	0	0	NA	5	paired	HighQuality	chr5:76425801-76425893
chr5	76425825	76425895	1	19	1	0	ZBED3-AS1,44DF,credible.variant,chr5:76425867	70	0	44.29	NA	NA	NA	CACACAGAGATGCAGTTGTTTTTCACAGTCTGGAGCATAGAGAAAATGTGGACTGCACTCTATGCTGATC	0	0	NA	5	paired	HighQuality	chr5:76425801-76425893
chr5	76427522	76427592	1	7	1	0	ZBED3-AS1,44DF,credible.variant,chr5:76427311	70	1.43	34.29	NA	NA	NA	TGCGTTTATTTAGAAACAATTCTCTTGTTCACATAAGGGGAAATATGATGCATTAGGAGTTGAAGTGATC	0	0	NA	5	single	HighQuality	chr5:76426607-76427590
chr5	76434596	76434666	1	12	1	0	ZBED3-AS1,44DF,credible.variant,chr5:76435004	70	0	27.14	NA	NA	NA	GATCTAAAACACTATGTAAAGATACAGATAAGTCTTGTTGATTCTTTTAAACATTAGCCATAATCCAAAA	0	0	NA	5	paired	HighQuality	chr5:76434598-76435449
chr5	76435381	76435451	1	14	1	0	ZBED3-AS1,44DF,credible.variant,chr5:76435004	70	0	37.14	NA	NA	NA	TTCTATTCACTCATTCCAAAACTCCTAGTGGATGTCTTTTCTGTCATTTCTGGTTCTGTCTTTTGTGATC	0	0	NA	5	paired	HighQuality	chr5:76434598-76435449
chr5	76496876	76496946	1	7	1	0	ZBED3-AS1,44DF,downstream.control,chr5:76496499	70	1.43	48.57	NA	NA	NA	ACTAAAGAAGCAGGGCCTTCAGGCAGAGCTGCAGCCTCGAGGCACCTTAAGCTAGTTAAGAAATAAGATC	0	0	NA	5	single	HighQuality	chr5:76496481-76496944
chr6	7231542	7231612	1	6	1	0	RREB1,2TG,DIAMANTE.Morris,chr6:7231843	70	4.29	62.86	NA	NA	NA	GATCATCTCATCTGTATCCTCGGCCCCCACCCTGCTGAAAACCAAGGTGGCGGACCCAGGGCCCGCAAGC	0	0	NA	6	paired	HighQuality	chr6:7231544-7232068
chr6	7232000	7232070	1	5	1	0	RREB1,2TG,DIAMANTE.Morris,chr6:7231843	70	2.86	60	NA	NA	NA	GGGCAGTCCCCCAGAAGACAAGCTGCTGAGGGCCAAGCGGAACTCGTACACCAACTGCCTGCAGAAGATC	0	0	NA	6	paired	HighQuality	chr6:7231544-7232068
chr6	20606927	20606997	1	13	1	0	CDKAL1,50DF,upstream.control,chr6:20607229	70	1.43	37.14	NA	NA	NA	GATCCTAAAATGCTGCAGAAAAGTTGGATGTGAAATGGGAAAGAAAACTAACTTTCATGAGATGCTTCGT	0	0	NA	6	single	HighQuality	chr6:20606929-20607990
chr6	20679643	20679713	1	12	1	0	CDKAL1,50DF,credible.variant,chr6:20679709	70	0	32.86	NA	NA	NA	GCATAGCATTTGTACATTCATCTTTGGCTTTTGACAATTAATATTCCCCCCTGTATTTTAGTTTTAGATC	0	0	NA	6	single	HighQuality	chr6:20679241-20679711
chr6	20681473	20681543	1	8	1	0	CDKAL1,50DF,credible.variant,chr6:20680678	70	0	41.43	NA	NA	NA	AAGCATAAGCTGGAGTCTAAAATGTTTCTAGGCAGCAACAGTCATATGTATGCTTGACCTTTGGGAGATC	0	0	NA	6	single	HighQuality	chr6:20680538-20681541
chr6	20689124	20689194	1	14	4	1	CDKAL1,50DF,credible.variant,chr6:20688121.offset50	70	0	47.14	NA	NA	NA	GGGAGAGGGAGTGTTCTGTAATCCACTGATTAGGTCTCAGTCCTTTAGTAAGCCTGTGCTTACTGTGATC	0	0	NA	6	single	HighQuality	chr6:20688140-20689192
chr6	20744821	20744891	1	8	1	0	CDKAL1,50DF,downstream.control,chr6:20744884	70	0	42.86	NA	NA	NA	GATCAATTAGTTGGGAATTTCTCTTTAAGGCTCAGATGGAAATGCCCTTGGTGTCTGCTGGTTGTGAGTT	0	0	NA	6	paired	HighQuality	chr6:20744823-20745128
chr6	20745060	20745130	1	5	1	0	CDKAL1,50DF,downstream.control,chr6:20744884	70	0	35.71	NA	NA	NA	GTAGTTTTTCTGTGTTATTAACAAGGACCACATTTGAAGTTGGTCTTGGTGTTAATTCATTGGACTGATC	0	0	NA	6	paired	HighQuality	chr6:20744823-20745128
chr6	39290030	39290100	1	5	1	0	rs3807042_KCNK17,10QTL,eQTL,chr6:39290834	70	1.43	58.57	NA	NA	NA	GATCTGCCACAGGAACCCCATTCCACCAACCTTCCCAAGCCTCTCCATCCCAATCCCACATCGCTCCCCT	0	0	NA	6	paired	HighQuality	chr6:39290032-39291089
chr6	39291021	39291091	1	11	1	0	rs3807042_KCNK17,10QTL,eQTL,chr6:39290834	70	1.43	31.43	NA	NA	NA	GTTACCTTCAGAGGATATGTCGGTGAAATATATGTGTGAATTAAAAAGAAACTATAAGTATATCCTGATC	0	0	NA	6	paired	HighQuality	chr6:39290032-39291089
chr6	43755081	43755151	1	8	1	0	LINC01512,55DF,upstream.control,chr6:43755594	70	0	52.86	NA	NA	NA	GATCTAGCTTGGGAGTGGGAGTTGTATTGGGGGTGGTGGCTGGGGGGTGGTGTCTTATGACATTATCTCT	0	0	NA	6	single	HighQuality	chr6:43755083-43755739
chr6	43805821	43805891	1	5	1	0	LINC01512,55DF,credible.variant,chr6:43806335	70	1.43	42.86	NA	NA	NA	GATCTTTGGCATATATGTCCCCTGTTTCAAACATCGTCCCCCTCAAATGCACTCACATTCATTTCATCAC	0	0	NA	6	paired	HighQuality	chr6:43805823-43806610
chr6	43806542	43806612	1	8	1	0	LINC01512,55DF,credible.variant,chr6:43806335	70	0	52.86	NA	NA	NA	AGAAGTCAGAGTGCTGTGCAGGCCTCAGTGCTGAATCATCCTGTGGCCAGGCTGCTGTTATGCAATGATC	0	0	NA	6	paired	HighQuality	chr6:43805823-43806610
chr6	43810247	43810317	1	4	1	0	LINC01512,55DF,credible.variant,chr6:43810469	70	2.86	54.29	NA	NA	NA	GATCTGACAAATGCCAAGGACTTTGCCTACGCTGGATGTGTAGCCGAAGACTGTCCCAGGCTGCTCAGAG	0	0	NA	6	single	HighQuality	chr6:43810249-43810471
chr6	43810843	43810913	1	8	1	0	LINC01512,55DF,credible.variant,chr6:43810974	70	0	51.43	NA	NA	NA	GATCAAGAAATATAGCTTTGCCAGCTTCCTGTAACCCTTGCCTGGTGTCCCCTCCCAGTTGTCACTCCCA	0	0	NA	6	paired	HighQuality	chr6:43810845-43811395
chr6	43811327	43811397	1	8	1	0	LINC01512,55DF,credible.variant,chr6:43810974	70	0	38.57	NA	NA	NA	ACCAACACCATTGTCAGTGGTTTCACTTTAATATCCTGGTGGCCAAAATTACCTTTCTAAACCATAGATC	0	0	NA	6	paired	HighQuality	chr6:43810845-43811395
chr6	43811402	43811472	1	38	1	0	LINC01512,55DF,credible.variant,chr6:43811430	70	0	37.14	NA	NA	NA	GATCTCTTTCCTGCTTTGAGCTTCCTAACATTTCCCCAACATTTTAGCATGAAAACTTCTACAGAAAAGT	0	0	NA	6	single	MediumQuality	chr6:43811404-43811491
chr6	43812106	43812176	1	4	1	0	LINC01512,55DF,credible.variant,chr6:43812540	70	0	44.29	NA	NA	NA	GATCATAGTCTGGCATAGGAGAGGTTGCCCATTTATGGAGTGGTCTATTGTATGGGAAGAAGGAAGGATA	0	0	NA	6	single	HighQuality	chr6:43812108-43813154
chr6	43813366	43813436	1	3	1	0	LINC01512,55DF,credible.variant,chr6:43813711	70	0	47.14	NA	NA	NA	GATCATAGTGACCTTGATGGTGACAGTAGGAAGTCCATATTTGAGTTGCCTTTGGCCAAAGGGCATGGCA	0	0	NA	6	single	HighQuality	chr6:43813368-43814218
chr6	43815353	43815423	1	9	1	0	LINC01512,55DF,credible.variant,chr6:43815364	70	0	42.86	NA	NA	NA	GATCACTTTTAGTTGTTCTTCAGCATCTGGCAAAGTGTGTGTTTAAACAAGCCAGGTATGCTGCTTGCTG	0	0	NA	6	paired	HighQuality	chr6:43815355-43815698
chr6	43815630	43815700	1	5	1	0	LINC01512,55DF,credible.variant,chr6:43815364	70	0	40	NA	NA	NA	GTGGTCTGGGTATCATTCCAGTGGAAGTTTATTGCTCCATAAAGAATTTAGGCAGGAAGTAAGATAGATC	0	0	NA	6	paired	HighQuality	chr6:43815355-43815698
chr6	43816011	43816081	1	4	1	0	LINC01512,55DF,credible.variant,chr6:43816126	70	1.43	55.71	NA	NA	NA	GATCACCCGCTCCTGCTTCCAAAGGTGCCTGTTGAGGGTATTTACCAAACTTGCCCCAACAGCCCAGCTG	0	0	NA	6	paired	HighQuality	chr6:43816013-43816746
chr6	43816678	43816748	1	11	1	0	LINC01512,55DF,credible.variant,chr6:43816126	70	1.43	42.86	NA	NA	NA	GGAGAGGATTAGACGAGATGGGCATAAGTAAAGCACCCTATGAACATTAATTTCCTTTTCCCCACAGATC	0	0	NA	6	paired	HighQuality	chr6:43816013-43816746
chr6	43818048	43818118	1	13	1	0	LINC01512,55DF,credible.variant,chr6:43817791	70	0	65.71	NA	NA	NA	CTAGACCCTGGCTCAGGTGGCTTCAGGCCCTTTCTTCTGGGCCCCAGTTGCCTGGGGGGTGGGAGGGATC	0	0	NA	6	single	HighQuality	chr6:43817705-43818116
chr6	43828446	43828516	1	25	1	0	LINC01512,55DF,credible.variant,chr6:43828573	70	0	28.57	NA	NA	NA	GATCTATTAATGATGTTGTAATAATAACCAACATTTATTGGGTGCTTGATATGTGCCAGGTATTATTTTA	0	0	NA	6	paired	HighQuality	chr6:43828448-43829867
chr6	43829799	43829869	1	5	1	0	LINC01512,55DF,credible.variant,chr6:43828573	70	1.43	47.14	NA	NA	NA	GTCAAATTTGACATCTGCGTTTCAGGAGCTTTCATTTGCTGACCCAGGGGCCATAAAAGGAGTCCTGATC	0	0	NA	6	paired	HighQuality	chr6:43828448-43829867
chr6	43877626	43877696	1	3	1	0	LINC01512,55DF,downstream.control,chr6:43879324	70	1.43	58.57	NA	NA	NA	GATCCAGCAGGCCCTCTTGTGCTTGCCAGGACGTTCCTGCCCTGGACTGTCTACTTGTCCTCATGCTCTC	0	0	NA	6	paired	HighQuality	chr6:43877628-43879509
chr6	43879441	43879511	1	12	1	0	LINC01512,55DF,downstream.control,chr6:43879324	70	0	52.86	NA	NA	NA	CTAGGGGAATTGAATCTTGACCCCCACCTCACACCCACCTCCCTGCATCATCAGCTTTGTTTCTGGGATC	0	0	NA	6	paired	HighQuality	chr6:43877628-43879509
chr7	13824559	13824629	1	19	1	0	ETV1,58DF,upstream.control,chr7:13825010	70	1.43	21.43	NA	NA	NA	GATCAATTTCTTTTTCTAAATATTAAATAACTATATTCTAGCAATACGCTTTAGAAGTTTTTGTTTAGAA	0	0	NA	7	single	HighQuality	chr7:13824561-13825156
chr7	13889157	13889227	1	8	1	0	ETV1,58DF,credible.variant,chr7:13889107	70	0	27.14	NA	NA	NA	TCTAATCAGTAAAGCCTAATACTTTTATTCAGTAGTTGAATAAAGATAAAAAGCTCTATTATTCCAGATC	0	0	NA	7	single	HighQuality	chr7:13888369-13889225
chr7	13889617	13889687	1	17	1	0	ETV1,58DF,credible.variant,chr7:13889771	70	1.43	32.86	NA	NA	NA	GATCCTGATACATAAGCAGAGATGCAGAAAAATAAATCTATAATTATAAAATCCGTATGGTGGGGTTCTT	0	0	NA	7	paired	HighQuality	chr7:13889619-13890723
chr7	13890655	13890725	1	5	1	0	ETV1,58DF,credible.variant,chr7:13889771	70	1.43	34.29	NA	NA	NA	TAAGAAAGCAAGAGAAGTAATAGTTCCTTGAACTCATCTTATAAACGCCTGATTTTATTCCACAGAGATC	0	0	NA	7	paired	HighQuality	chr7:13889619-13890723
chr7	13893668	13893738	1	14	1	0	ETV1,58DF,credible.variant,chr7:13892963	70	0	38.57	NA	NA	NA	TGGCAGGTAGTGGCAAGCCCTGTCAAAGCATTCATTCAAAAGTAAAATAATCCAGTTAGATTTAGTGATC	0	0	NA	7	single	HighQuality	chr7:13892938-13893736
chr7	13894189	13894259	1	8	1	0	ETV1,58DF,credible.variant,chr7:13894276	70	0	34.29	NA	NA	NA	GATCTTAGATTTCAAATCCTCTTAACCATGATAGTGGCTTCATTTTCAACAGGATTCTCCTTTAAACACA	0	0	NA	7	paired	HighQuality	chr7:13894191-13894334
chr7	13894266	13894336	1	3	1	0	ETV1,58DF,credible.variant,chr7:13894276	70	2.86	45.71	NA	NA	NA	GCAGACTAGACATTTAGCGTTTCCACACAGACGTTATCTCTGCTTGAGTAGGCTGAGCTTATCCTTGATC	0	0	NA	7	paired	HighQuality	chr7:13894191-13894334
chr7	13894344	13894414	1	16	1	0	ETV1,58DF,credible.variant,chr7:13894624	70	1.43	27.14	NA	NA	NA	GATCTGAATAAGGCTAATAAATTATTTTGCAATTTCCCTAATATTTTTCTCTAATTACATATGTTCACGC	0	0	NA	7	single	HighQuality	chr7:13894346-13894648
chr7	13894835	13894905	1	11	1	0	ETV1,58DF,credible.variant,chr7:13894939	70	0	31.43	NA	NA	NA	GATCTCTAGCACTTATTCATCTTGAATAACACAATTTTACACCTATGTATTAGCAAATCCCCATTTTTTC	0	0	NA	7	paired	HighQuality	chr7:13894837-13896520
chr7	13896452	13896522	1	11	1	0	ETV1,58DF,credible.variant,chr7:13894939	70	1.43	27.14	NA	NA	NA	ACAATCATAACTATTTCAATAGAGAACAATTTTAGCTATTTTTCCATCAGACGATTTATAGTTACAGATC	0	0	NA	7	paired	HighQuality	chr7:13894837-13896520
chr7	13898508	13898578	1	5	1	0	ETV1,58DF,credible.variant,chr7:13897920	70	0	35.71	NA	NA	NA	CTAAAACAATATGATGGTATGAGGCATTCTATTCTAAACTAGTACAAATACCTGGGGAACTTTGAGGATC	0	0	NA	7	single	HighQuality	chr7:13897278-13898576
chr7	13900296	13900366	1	13	1	0	ETV1,58DF,credible.variant,chr7:13900325	70	1.43	47.14	NA	NA	NA	GATCCCTCAGGTAAAATGACTGGAACCTGTTTTCTCATCTATTTTCCCGCCCCCCTCCAGTGGTTTACAA	0	0	NA	7	paired	HighQuality	chr7:13900298-13900433
chr7	13900365	13900435	1	27	1	0	ETV1,58DF,credible.variant,chr7:13900325	70	0	27.14	NA	NA	NA	ACATAAAGGTCAGAGTTGATTAGTTCTTTAAAGAAAGTTCAGTTTTAAAAATAATCTCAAATCAAGGATC	0	0	NA	7	paired	HighQuality	chr7:13900298-13900433
chr7	14898233	14898303	1	3	1	0	rs17168486_DGKB,7QTL,eQTL,chr7:14898282	70	2.86	45.71	NA	NA	NA	TGGATTATCATTAGGTGGCAGAGCACCGTGAGGGATATTAAGTTGTCACGGTGTCAAATGGCAAGAGATC	0	0	NA	7	single	HighQuality	chr7:14897102-14898301
chr7	15060351	15060421	1	6	1	0	rs10231021_DGKB,6QTL,eQTL,chr7:15060429	70	0	41.43	NA	NA	NA	GATCCTGATGCTTATAAATGGTGTGACTCTTCCTGGGGTCTACTTCACTGTGATGAATAACCAAATCCTT	0	0	NA	7	paired	HighQuality	chr7:15060353-15061485
chr7	15061417	15061487	1	4	1	0	rs10231021_DGKB,6QTL,eQTL,chr7:15060429	70	1.43	44.29	NA	NA	NA	ACAACCCTTAACTGAGCTCGACTGCTCCTCTCTTTTGAAACCACATAAGAAGAGTGACTACTCTGAGATC	0	0	NA	7	paired	HighQuality	chr7:15060353-15061485
chr7	28214538	28214608	1	18	1	0	JAZF1,4TG,DIAMANTE.Morris,chr7:28214614	70	1.43	57.14	NA	NA	NA	GATCTTGCCGCCAAGCCACAGGGCACAGGCAGAGAGCAGGGCAGGCAGCAACAAGCCTTTCATTCATTCA	0	0	NA	7	paired	HighQuality	chr7:28214540-28215869
chr7	28215801	28215871	1	4	1	0	JAZF1,4TG,DIAMANTE.Morris,chr7:28214614	70	0	48.57	NA	NA	NA	TTGGTCAATGAGACTCTGCCCCTTAACTGGGCCCTTGCAGGGAAATGTTTCAATAGCAAAGCTGAGGATC	0	0	NA	7	paired	HighQuality	chr7:28214540-28215869
chr7	44197697	44197767	1	4	1	0	CAMK2B,63DF,upstream.control,chr7:44198278	70	1.43	51.43	NA	NA	NA	GATCTTGGTCTGGGCATGTTAACACATCTGCCAGCCAAGGGGCGATTTGTTCCAAGTAGCAGTTGGCCAT	0	0	NA	7	paired	HighQuality	chr7:44197699-44198282
chr7	44198214	44198284	1	6	1	0	CAMK2B,63DF,upstream.control,chr7:44198278	70	0	54.29	NA	NA	NA	GGCTATGTACACAGAAGTGAGTGGCCTTGGGCTAGTGCCCACATTCTCCTGAGGGACAGAATCCCTGATC	0	0	NA	7	paired	HighQuality	chr7:44197699-44198282
chr7	44255497	44255567	1	3	1	0	CAMK2B,63DF,credible.variant,chr7:44255643	70	1.43	52.86	NA	NA	NA	GATCCTTCAGGCTCCTTGCCCATAGTGGATAGGACTGAGAGTGTGTAGGGGCACTCGTCTTGTCAGAAGT	0	0	NA	7	paired	HighQuality	chr7:44255499-44256450
chr7	44256382	44256452	1	8	1	0	CAMK2B,63DF,credible.variant,chr7:44255643	70	2.86	67.14	NA	NA	NA	CTGCCCTGGCCACATCCTTAGCGGCCACCGGGGGTGAATGGAGAGGTCAGGGGTGTTGGGGGCTGGGATC	0	0	NA	7	paired	HighQuality	chr7:44255499-44256450
chr7	44323758	44323828	1	3	1	0	CAMK2B,63DF,downstream.control,chr7:44323939	70	4.29	60	NA	NA	NA	GATCTTGGCTGCATACTCATGGCCGGTGCAGAGCTTGACACAGCGTCGGACCACAGAGAAAGCCCCCCTG	0	0	NA	7	paired	HighQuality	chr7:44323760-44324106
chr7	44324038	44324108	1	8	1	0	CAMK2B,63DF,downstream.control,chr7:44323939	70	5.71	68.57	NA	NA	NA	CGGCTTCCCGACGGCTGGCAGAGCCCTGGCAGATGGCACGCCCTGGGGGGCTGTGCAGAGAAGAAGGATC	0	0	NA	7	paired	HighQuality	chr7:44323760-44324106
chr8	41509786	41509856	1	7	1	0	rs4736819_NKX6-3,22QTL,eQTL,chr8:41509915	70	2.86	40	NA	NA	NA	GATCTCACAAAGGGTGTGGAATGATTCCCTACAAATTTGGTTTAAAGAGAAAAGAGCTACGTCTTCGTCT	0	0	NA	8	paired	HighQuality	chr8:41509788-41510870
chr8	41510802	41510872	1	6	1	0	rs4736819_NKX6-3,22QTL,eQTL,chr8:41509915	70	0	45.71	NA	NA	NA	GTCTATACATCAGAGTAGGGTAGGGGATTCTCTCCCATAACAGAGCATGTGGGAGAGTCAAGAAAAGATC	0	0	NA	8	paired	HighQuality	chr8:41509788-41510870
chr8	95835482	95835552	1	2	1	0	TP53INP1,74DF,upstream.control,chr8:95836174	70	11.43	64.29	NA	NA	NA	GATCCAGGACCGCAGCTCCGGCTGGCCCGCGCCGCCATTTTGGATTGTGTGAGTTTCCGGGACGTTCGGA	0	0	NA	8	paired	HighQuality	chr8:95835484-95836191
chr8	95836123	95836193	1	9	1	0	TP53INP1,74DF,upstream.control,chr8:95836174	70	1.43	52.86	NA	NA	NA	GACGCCTCCTTCAACCCCAAGCTGAATAAATTCAGGGAGCTGGGGAGAAACCAGCTGTTGGGTGTTGATC	0	0	NA	8	paired	HighQuality	chr8:95835484-95836191
chr8	95959896	95959966	1	5	1	0	TP53INP1,74DF,credible.variant,chr8:95960511	70	0	48.57	NA	NA	NA	GATCCACCCCTGTCTGCCCCTAAGGCTGAAAGACAGTGGACAAAGACAAGAGTAAGTGGTAATTCATAGC	0	0	NA	8	paired	HighQuality	chr8:95959898-95960648
chr8	95960580	95960650	1	4	1	0	TP53INP1,74DF,credible.variant,chr8:95960511	70	5.71	52.86	NA	NA	NA	TGGGGCGATAAAGCAAAGCCCCCAGCATAGTATATGGCACATACTCAGCGCTCAGTAAGCGTGAGCGATC	0	0	NA	8	paired	HighQuality	chr8:95959898-95960648
chr8	95960656	95960726	1	2	1	0	TP53INP1,74DF,credible.variant,chr8:95960767	70	2.86	48.57	NA	NA	NA	GATCTAAATGTTAAGGGCCAAGGAGAGCGCTCTTTCCACAGGTGCAAAGTCAGGTAGCGAAGACTGAGTT	0	0	NA	8	paired	HighQuality	chr8:95960658-95960845
chr8	95960777	95960847	1	1	1	0	TP53INP1,74DF,credible.variant,chr8:95960767	70	8.57	71.43	NA	NA	NA	GGTCACGGAGCAGGTTCCCCATAGCCGCAGGGCCTCCGGAACTCGGAGGGCAGGCGCAGGGGACGGGATC	0	0	NA	8	paired	HighQuality	chr8:95960658-95960845
chr8	95961611	95961681	1	4	1	0	TP53INP1,74DF,credible.variant,chr8:95961626	70	17.14	85.71	Simple	CCGCTCCGCTCGCCGTCGGGCCCCGCTGCCCCGCCCCGGGCCGCGCCAGGCCGGGCCCCACCAA	(CCGCG)n	GATCGGCCGCTCCGCTCGCCGTCGGGCCCCGCTGCCCCGCCCCGGGCCGCGCCAGGCCGGGCCCCACCAA	1	62	NA	8	paired	HighQuality	chr8:95961613-95961960
chr8	95961892	95961962	1	3	1	0	TP53INP1,74DF,credible.variant,chr8:95961626	70	11.43	71.43	NA	NA	NA	GGCGGGAGCGGGGTGCGTAAGAGGCGGGCGAGGAAGAACCGGCGGGCAACGGGAAGGGCAGAGGTGGATC	0	0	NA	8	paired	HighQuality	chr8:95961613-95961960
chr8	95966094	95966164	1	12	1	0	TP53INP1,74DF,credible.variant,chr8:95965685	70	1.43	38.57	NA	NA	NA	GATGAATTTATGCTTTTAAATGTCCATGTTTCTCATGGCTTTGGCAAAGCCAGGCCTAAACGTTTTGATC	0	0	NA	8	single	HighQuality	chr8:95965527-95966162
chr8	95967084	95967154	1	12	1	0	TP53INP1,74DF,credible.variant,chr8:95967372	70	0	35.71	NA	NA	NA	GATCTCTGAGAAGTCACTTTTTGTGTTTATTATTATAACCTGGAACTAAATTGTAGAGCCCTGAGAACAG	0	0	NA	8	paired	HighQuality	chr8:95967086-95968731
chr8	95968663	95968733	1	19	1	0	TP53INP1,74DF,credible.variant,chr8:95967372	70	0	57.14	NA	NA	NA	GGGTGCTTAGAGGACCAGCAGTGTGGCCAGAGTGCAGTGAGGGAAAGAGACTGGAGAAGGAGACCAGATC	0	0	NA	8	paired	HighQuality	chr8:95967086-95968731
chr8	95972360	95972430	1	28	1	0	TP53INP1,74DF,credible.variant,chr8:95972453	70	0	31.43	NA	NA	NA	GATCTTTGCCTTAAAAACACTTCCTTCTTTTTTTTGGTAGCAGCTTTATAGAGATAAAATTGACATACTG	0	0	NA	8	single	HighQuality	chr8:95972362-95973890
chr8	95980511	95980581	1	13	1	0	TP53INP1,74DF,credible.variant,chr8:95980708	70	0	42.86	NA	NA	NA	GATCATGGGGAACCACTTTGAGACTGCTTACCACAATATTCTAGTCAGTGGAGACAGGCAATAAACAAAC	0	0	NA	8	paired	HighQuality	chr8:95980513-95980852
chr8	95980784	95980854	1	17	1	0	TP53INP1,74DF,credible.variant,chr8:95980708	70	0	58.57	NA	NA	NA	TCACACAACCAAGGTGCCTGGAGCTGAGTGAGCAAGGGAGGAGACCAAGTCAGAGAGGTGGGGTGGGATC	0	0	NA	8	paired	HighQuality	chr8:95980513-95980852
chr8	96036460	96036530	1	6	1	0	TP53INP1,74DF,downstream.control,chr8:96036741	70	1.43	40	NA	NA	NA	GATCTTACCCGACTACTTACTATTTATGTGAACTGAGGCACTTCAGCTTCTACAATTTTCAAGTGACAGC	0	0	NA	8	paired	HighQuality	chr8:96036462-96038115
chr8	96038047	96038117	1	5	1	0	TP53INP1,74DF,downstream.control,chr8:96036741	70	4.29	58.57	NA	NA	NA	CGGGCGTAGTGCTGGGAAGGCCTGGCACTTGGGTGTCGCTCCTTAATCATTTGTGGAGGTGGGTTGGATC	0	0	NA	8	paired	HighQuality	chr8:96036462-96038115
chr9	4236289	4236359	1	6	1	0	GLIS3,79DF,upstream.control,chr9:4236294	70	1.43	37.14	NA	NA	NA	GATCTCATGCCCTAAACATGTTTGTGGTTTACATCAGTACGTCTCCTTCACTTATTAAAGTTGTGAGTTT	0	0	NA	9	paired	HighQuality	chr9:4236291-4238251
chr9	4238183	4238253	1	5	1	0	GLIS3,79DF,upstream.control,chr9:4236294	70	2.86	51.43	NA	NA	NA	CTGCGCAAAGAGCTTCCTGAGAGACCGAAACAATGTGGCTAAAAGGAAGGCCAAAAGGAGGGAGGTGATC	0	0	NA	9	paired	HighQuality	chr9:4236291-4238251
chr9	4289728	4289798	1	5	1	0	GLIS3,79DF,credible.variant,chr9:4290085	70	0	35.71	NA	NA	NA	GATCTGACATTGTGGCATAGCTAGAGTTTTATACTACATTGGTTCCTACAATGAAAATGTTCATTCTGCT	0	0	NA	9	paired	HighQuality	chr9:4289730-4290389
chr9	4290321	4290391	1	9	1	0	GLIS3,79DF,credible.variant,chr9:4290085	70	0	31.43	NA	NA	NA	AACAAACTGCTTCTGACTCTACTTCTTATATATCTGTCTAAGCCATCTACAATAAGAGTTTTTATTGATC	0	0	NA	9	paired	HighQuality	chr9:4289730-4290389
chr9	4290636	4290706	1	12	1	0	GLIS3,79DF,credible.variant,chr9:4290823	70	0	41.43	NA	NA	NA	GATCCTAGGAGTTCATTTAAATAAGCAGAATGTCCCTTGTCCTAACACAGGTGACTGACTCCTCAGAAAA	0	0	NA	9	paired	HighQuality	chr9:4290638-4290959
chr9	4290891	4290961	1	4	1	0	GLIS3,79DF,credible.variant,chr9:4290823	70	0	32.86	NA	NA	NA	ATTTCCCCAAATTGAAACTGGAGGATACTATATTATGATATGATAACCCATAACAAGGTAGAGTTTGATC	0	0	NA	9	paired	HighQuality	chr9:4290638-4290959
chr9	4298720	4298790	1	3	1	0	GLIS3,79DF,credible.variant,chr9:4298589	70	8.57	62.86	NA	NA	NA	TTCGTGTCTGGCTGTGTCTGCGTCCTGGCGGCGTGGGAGGTTATAGTTCCAGACCTGGCGGCTGCGGATC	0	0	NA	9	single	HighQuality	chr9:4296875-4298788
chr9	4358027	4358097	1	9	1	0	GLIS3,79DF,downstream.control,chr9:4359044	70	0	41.43	NA	NA	NA	GATCTAATAAGAACAGATGCCCAAGATGAGAAAAGCAAGGACAAGGGCAGAACAGTGTGTACAGTATGTT	0	0	NA	9	paired	HighQuality	chr9:4358029-4359302
chr9	4359234	4359304	1	12	1	0	GLIS3,79DF,downstream.control,chr9:4359044	70	0	54.29	NA	NA	NA	TCCCTGAGCACTTCCTGCTTCCTGGCTCCATTGCTTGAGTGGCTGGAACTGGCATATGGCTCATCAGATC	0	0	NA	9	paired	HighQuality	chr9:4358029-4359302
chr9	34074349	34074419	1	5	1	0	DCAF12,81DF,credible.variant,chr9:34074476	70	1.43	52.86	NA	NA	NA	GATCTCCAGAAGCGAGGAGCTAAGCTCTGGCTCCCCCTACTGGGTATATGATGGATTCATTGGCCCCAAA	0	0	NA	9	single	HighQuality	chr9:34074351-34074738
chr9	34125327	34125397	1	7	1	0	DCAF12,81DF,downstream.control,chr9:34125655	70	0	32.86	NA	NA	NA	GATCCTACTGTATTACAGAAATCACCAACTCATAACTCATACTGCAGAATTTACAAACAACACAAATACA	0	0	NA	9	paired	HighQuality	chr9:34125329-34126283
chr9	34126215	34126285	1	5	1	0	DCAF12,81DF,downstream.control,chr9:34125655	70	4.29	58.57	NA	NA	NA	ATAGGCCCTGAACCCATTCCTGTTTTGCCTCTGACTGCAGACCCTGGACCCCGATTCCCGTCGCAGGATC	0	0	NA	9	paired	HighQuality	chr9:34125329-34126283
chr9	139141862	139141932	1	4	1	0	GPSM1,85DF,upstream.control,chr9:139142357	70	1.43	54.29	NA	NA	NA	GATCAGAGCCCAGGCAAATACAGCAGGAGACCTTGAAGGGGAGGAACCTTGGATTACCATCTTGCCCGGT	0	0	NA	9	single	HighQuality	chr9:139141864-139142441
chr9	139235326	139235396	1	2	1	0	GPSM1,85DF,credible.variant,chr9:139235415	70	11.43	72.86	NA	NA	NA	GATCGGGGACCGCCATGGGGAGCTCACGGCCCGCATGAACGTGGCGCAGCTGCAGCTGGTGCTCGGCCGC	0	0	NA	9	paired	HighQuality	chr9:139235328-139235524
chr9	139235456	139235526	1	4	1	0	GPSM1,85DF,credible.variant,chr9:139235415	70	4.29	68.57	NA	NA	NA	TCCAGGGTTGTGGGGGGGTCTTGCTCCCCACAGGCACGGACCGCATCAGGAGCTGCGGAGGGGTGGGATC	0	0	NA	9	paired	HighQuality	chr9:139235328-139235524
chr9	139237197	139237267	1	4	1	0	GPSM1,85DF,credible.variant,chr9:139237902	70	10	77.14	NA	NA	NA	GATCTGCGAGCTGCGGGAGGGGAGGGGGGTGCAGAGCCGCGCTAGAGCCTGGCCGTGCGGAGGGGGCGCC	0	0	NA	9	paired	HighQuality	chr9:139237199-139238101
chr9	139238033	139238103	1	10	1	0	GPSM1,85DF,credible.variant,chr9:139237902	70	0	61.43	NA	NA	NA	GGTCAGGGATGTGCATGGCATAACCTCCCCTGCAGTTTAGGCTGTGGGCTCCAGCCCTGGCCAGCTGATC	0	0	NA	9	paired	HighQuality	chr9:139237199-139238101
chr9	139240448	139240518	1	3	1	0	GPSM1,85DF,credible.variant,chr9:139240630	70	5.71	68.57	NA	NA	NA	GATCCCGCTGACCACTGTGGCCACAGGGTGGCGATGGGAGCCCTGCCCCGGGCGTTTGTGTTGGGAGTGG	0	0	NA	9	paired	HighQuality	chr9:139240450-139240902
chr9	139240834	139240904	1	28	1	0	GPSM1,85DF,credible.variant,chr9:139240630	70	2.86	55.71	NA	NA	NA	TTAGGAGCTCACCATTTAAACGGGTCACATGGACAGACTCAGGAAGGGGCTGCTAGCAGCCAGGCCGATC	0	0	NA	9	paired	HighQuality	chr9:139240450-139240902
chr9	139242209	139242279	1	6	1	0	GPSM1,85DF,credible.variant,chr9:139242656	70	1.43	61.43	NA	NA	NA	GATCTGCCAGGTCTGTTGTGCCCTGGATACAGGCTCCTGAGAGTGCTCAGGGAGCGGCTGGGCTGAGGTA	0	0	NA	9	paired	HighQuality	chr9:139242211-139242808
chr9	139242740	139242810	1	15	1	0	GPSM1,85DF,credible.variant,chr9:139242656	70	0	62.86	NA	NA	NA	ATGATGCACCCTCAGGAGGGGGGATTGGGTGGCCTCACAGAGGTGACCAGGGGCCACAGGAAGGGTGATC	0	0	NA	9	paired	HighQuality	chr9:139242211-139242808
chr9	139245774	139245844	1	22	1	0	GPSM1,85DF,credible.variant,chr9:139245901	70	0	70	NA	NA	NA	GATCCCCCAGCCTCCCTGGGCCTGGAGGGAGGAGCAGGACTGGGACCCAGACACCTGCCCTGTCCACAGC	0	0	NA	9	paired	HighQuality	chr9:139245776-139246207
chr9	139246139	139246209	1	6	1	0	GPSM1,85DF,credible.variant,chr9:139245901	70	5.71	74.29	NA	NA	NA	CCTGCTGCGGGCCCTGCTCCCCTGGCCCCTGCAACCACCGCGGGGCAGGACGCCTGGGACAGCCAAGATC	0	0	NA	9	paired	HighQuality	chr9:139245776-139246207
chr9	139247601	139247671	1	5	1	0	rs28642213_GPSM1,19QTL,eQTL,chr9:139248082	70	4.29	65.71	NA	NA	NA	GATCCGCGTGAGTCTGGGGTCCCTGGGGTCCTAACAGGTGGAGGCTGAGGGAGCACACGGGCCTCTGTGA	0	0	NA	9	paired	HighQuality	chr9:139247603-139250033
chr9	139249965	139250035	1	4	1	0	rs28642213_GPSM1,19QTL,eQTL,chr9:139248082	70	7.14	68.57	NA	NA	NA	CGGGTGCCGAGGGTGGGTGACACGTTCTGGGGGAGGGGTAGCCGACAGGGGGCAGGTTAGAGTCCCGATC	0	0	NA	9	paired	HighQuality	chr9:139247603-139250033
chr9	139304189	139304259	1	4	1	0	GPSM1,85DF,downstream.control,chr9:139304356	70	2.86	60	NA	NA	NA	GATCTGGCCACTGCCCGGCTGTGGAGGCAGATGGAATGCTCCAGCTCGGTTTCCAATCACTGCCCACTAG	0	0	NA	9	paired	HighQuality	chr9:139304191-139305592
chr9	139305524	139305594	1	3	1	0	GPSM1,85DF,downstream.control,chr9:139304356	70	5.71	61.43	NA	NA	NA	GCTCTGTTAGACCCGCAGGGTTCTGACACCAGGGTCCAGGCTCTCGGTTGCTGCGGTCTGTCCGTTGATC	0	0	NA	9	paired	HighQuality	chr9:139304191-139305592
chr10	12237458	12237528	1	3	1	0	CDC123,86DF,upstream.control,chr10:12238570	70	2.86	48.57	NA	NA	NA	GATCGTACAGGCGGTATTCCCTCTACCAAGCATTCTACTCCTCTGCAGATGCTGCAATCTTTACACTGGA	0	0	NA	10	paired	HighQuality	chr10:12237460-12238616
chr10	12238548	12238618	1	3	1	0	CDC123,86DF,upstream.control,chr10:12238570	70	1.43	50	NA	NA	NA	GGATTAACCTAGTTTAGGCTTGGGAGTTCACCACCACTACTTTTAGAATGGCCCCAGGCGCAAGGTGATC	0	0	NA	10	paired	HighQuality	chr10:12237460-12238616
chr10	12308720	12308790	1	21	1	0	CDC123,5TG,DIAMANTE.Morris,chr10:12307894.offset1000	70	0	22.86	NA	NA	NA	GATCAAAGCTTAATATAGTTAACATACAAATAAAAGGACTTCAAAATTAAACAAAATAAGATTGGGTTAA	0	0	NA	10	single	HighQuality	chr10:12308722-12309115
chr10	12390723	12390793	1	11	1	0	CDC123,86DF,downstream.control,chr10:12390919	70	1.43	58.57	NA	NA	NA	GATCACTTCTTTCCACTGAGTCTCTGGGAGGAGACAGGGAGATGCCAGAAGGGGCCAAGCGTGAGCCAGG	0	0	NA	10	paired	HighQuality	chr10:12390725-12391881
chr10	12391813	12391883	1	8	1	0	CDC123,86DF,downstream.control,chr10:12390919	70	4.29	57.14	NA	NA	NA	GGCCATGGCCCGGGAGAACGGCGAGAGCAGCTCCTCCTGGAAAAAGCAAGCTGAAGACATCAAGAAGATC	0	0	NA	10	paired	HighQuality	chr10:12390725-12391881
chr10	80888215	80888285	1	3	1	0	ZMIZ1,88DF,upstream.control,chr10:80887421	70	1.43	45.71	NA	NA	NA	AAATGGGCATGAATCTGACCTTTGCAGTGTTGTTGCAGAATGAATCGCAGTGGGCAAAACATGCCTGATC	0	0	NA	10	single	HighQuality	chr10:80886458-80888283
chr10	80942345	80942415	1	8	1	0	ZMIZ1,88DF,credible.variant,chr10:80942620	70	1.43	57.14	NA	NA	NA	GATCCAAACCCCTCTGGGGGAAAGTGGGTAAGCGTATGTATGCCAGGGACAGGGCCTGAGAGCCCTAAGA	0	0	NA	10	paired	HighQuality	chr10:80942347-80944343
chr10	80944275	80944345	1	21	1	0	ZMIZ1,88DF,credible.variant,chr10:80942620	70	4.29	62.86	NA	NA	NA	AGGCGCCCGGATAAGTGCCCTGCAAATGCAATCACCCGCCCCCTCTCTGCCTCCTCTCCTCCCTCTGATC	0	0	NA	10	paired	HighQuality	chr10:80942347-80944343
chr10	80946012	80946082	1	4	1	0	ZMIZ1,88DF,credible.variant,chr10:80945964.offset100	70	2.86	31.43	NA	NA	NA	GATCTAAGCAGTTAATTTTTTACCTCGAAGTGACTCTCTGTTCCGTAAGTAATTTTAAACAAATTCTCTT	0	0	NA	10	paired	HighQuality	chr10:80946014-80946278
chr10	80946210	80946280	1	3	1	0	ZMIZ1,88DF,credible.variant,chr10:80945964.offset100	70	2.86	45.71	NA	NA	NA	CAGTGTTTTTTAGCCCCATTTGGGATTTCCAGCGGGTCTTTCTTGTTGATTCCCGAAATCCTGTCAGATC	0	0	NA	10	paired	HighQuality	chr10:80946014-80946278
chr10	80952226	80952296	1	4	1	0	ZMIZ1,88DF,credible.variant,chr10:80952826	70	1.43	51.43	NA	NA	NA	GATCATGAAGAGAAGTGGGTCCACCCTTCCGGAAGCTTTGAGTGCCAAGCCAAAGCATCTGAACTCTGGT	0	0	NA	10	paired	HighQuality	chr10:80952228-80953199
chr10	80953131	80953201	1	4	1	0	ZMIZ1,88DF,credible.variant,chr10:80952826	70	1.43	50	NA	NA	NA	CCAGAAGTACATGTATCTCTCTTTGGGAACCCTCAACGGGGTAACCAGTGTCTCTCTGAGTCCTAGGATC	0	0	NA	10	paired	HighQuality	chr10:80952228-80953199
chr10	80953344	80953414	1	6	1	0	ZMIZ1,88DF,credible.variant,chr10:80953451	70	0	50	NA	NA	NA	GATCTGTAACTGGAAGACATTCCAGCTGATGGAGAGACAGTTGCAAGGAGTCAGCCCTCATCTAGTGCTG	0	0	NA	10	paired	HighQuality	chr10:80953346-80953569
chr10	80953501	80953571	1	7	1	0	ZMIZ1,88DF,credible.variant,chr10:80953451	70	2.86	58.57	NA	NA	NA	TGATGGATGGGAGGTGTCCAGGCATTGCGGGCAGAGGGACAGTCAGAGGCAAAGACATGGAGGTGCGATC	0	0	NA	10	paired	HighQuality	chr10:80953346-80953569
chr10	80953665	80953735	1	7	1	0	ZMIZ1,88DF,credible.variant,chr10:80954789	70	0	54.29	NA	NA	NA	GATCCCAACTGATGCTGACATGTGCAGGTTGGCAGGTCATTGCTGAGCCCAGGGCTCATGAAGTTTGTCC	0	0	NA	10	paired	HighQuality	chr10:80953667-80954993
chr10	80954925	80954995	1	3	1	0	ZMIZ1,88DF,credible.variant,chr10:80954789	70	2.86	60	NA	NA	NA	CCGGAGCTCCTCACAGGGAATCCTAAGAGGCTGGTATTTGACAGGCTGCCAAAGGCTGGCCAGCCCGATC	0	0	NA	10	paired	HighQuality	chr10:80953667-80954993
chr10	81014269	81014339	1	7	1	0	ZMIZ1,88DF,downstream.control,chr10:81014617	70	2.86	52.86	NA	NA	NA	GATCCACCCACGATGGGGCCTGGCCCGCTGGTCTCTATTCACTGCTAAGCAAACTAAAGCTCACAAAAGT	0	0	NA	10	paired	HighQuality	chr10:81014271-81015589
chr10	81015521	81015591	1	11	1	0	ZMIZ1,88DF,downstream.control,chr10:81014617	70	4.29	48.57	NA	NA	NA	CCCTCCCCACCCCTGCACTTTTTCGATTTAACAAGCCTGCTGGAAAACAATAGTGATTTCCGCATCGATC	0	0	NA	10	paired	HighQuality	chr10:81014271-81015589
chr10	94353338	94353408	1	14	1	0	HHEX,89DF,upstream.control,chr10:94353285	70	1.43	34.29	NA	NA	NA	TCAATAAAAATGACACCCGGTTGCTGTGTGTATGTGGTTTTTAGGAGAAAATAACATGTTTGATTTGATC	0	0	NA	10	single	HighQuality	chr10:94352347-94353406
chr10	94430564	94430634	1	17	1	0	HHEX,89DF,credible.variant,chr10:94430497	70	0	24.29	NA	NA	NA	AAATGTGCAATAAACCCATAATACATTCCACTATATTTCTTTTTGAAAGTCAATAATTTTTATAGAGATC	0	0	NA	10	single	HighQuality	chr10:94429944-94430632
chr10	94459533	94459603	1	2	1	0	HHEX,89DF,credible.variant,chr10:94460281	70	12.86	58.57	NA	NA	NA	GATCTTGACTTTGGAGCATCCGGCCGTCGCCGCGAGCGGCCGAACACTTTCCTGCGTCGCTGCTTTAAAA	0	0	NA	10	paired	HighQuality	chr10:94459535-94460708
chr10	94460640	94460710	1	11	1	0	HHEX,89DF,credible.variant,chr10:94460281	70	1.43	54.29	NA	NA	NA	GGCAGAGTCTGCCAGGGACTCCCAACCAGAGAAAAGGAAAAGGAAGCCTGTTCCACGGAGAAGGATGATC	0	0	NA	10	paired	HighQuality	chr10:94459535-94460708
chr10	94462613	94462683	1	16	1	0	HHEX,89DF,credible.variant,chr10:94462882	70	0	28.57	NA	NA	NA	GATCACTACTATTTTTATCAGCATCATCTATTCAGAAAATGGAAGCAGGAAATCCAAATTTTTTAAATGA	0	0	NA	10	paired	HighQuality	chr10:94462615-94462951
chr10	94462883	94462953	1	7	1	0	HHEX,89DF,credible.variant,chr10:94462882	70	1.43	45.71	NA	NA	NA	GAGGAAATGACTTGATGGTACGGAGGTGGAAGGGAGTGAGAAGTTATGATGATGTATGGTGCTGTTGATC	0	0	NA	10	paired	HighQuality	chr10:94462615-94462951
chr10	94466643	94466713	1	15	1	0	HHEX,89DF,credible.variant,chr10:94466439	70	0	30	NA	NA	NA	TATTTGATAAATATTGTGAAATACTTCCTGGGAAAGTTTTGTCAATTTATATCAGTGGAGAACAAGGATC	0	0	NA	10	single	HighQuality	chr10:94466371-94466711
chr10	94479617	94479687	1	4	1	0	HHEX,89DF,credible.variant,chr10:94480334	70	0	37.14	NA	NA	NA	GATCCTTAGTCCTTTTTATTCCTCAACTACATCAGCTAAAATGTGGCCATGTATGATGATTATGGAAGTG	0	0	NA	10	single	HighQuality	chr10:94479619-94481013
chr10	94602862	94602932	1	15	1	0	HHEX,89DF,downstream.control,chr10:94602920	70	1.43	35.71	NA	NA	NA	AAAAAAACTGATTTTATTTGGCTTCAATTTCAAATTTCCTTCTATTGTTCTCCACCGTGGGGTCCAGATC	0	0	NA	10	single	HighQuality	chr10:94602069-94602930
chr10	114675859	114675929	1	6	1	0	TCF7L2,90DF,upstream.control,chr10:114676181	70	0	34.29	NA	NA	NA	GATCTAGTAAATTAGTAACTCATATCACACACAGCTTAAGCTTTCTAGAGTTCATGATTGCTTGCTGAAA	0	0	NA	10	single	HighQuality	chr10:114675861-114676756
chr10	114758223	114758293	1	10	1	0	rs7903146_TCF7L2,12QTL,eQTL,chr10:114758349	70	1.43	42.86	NA	NA	NA	GATCTCTGCCGGACCAAAGAGAAGATTCCTTTTTAAATGGTGACAAATTCATGGGCTTTCTCTGCCTCAA	0	0	NA	10	paired	HighQuality	chr10:114758225-114758657
chr10	114758589	114758659	1	14	1	0	rs7903146_TCF7L2,12QTL,eQTL,chr10:114758349	70	0	28.57	NA	NA	NA	ATTTGTAATGCTTTTGCATGTCTTTGTATTTTTCTTGGTTATCACATCACATCAAATTAAGATACTGATC	0	0	NA	10	paired	HighQuality	chr10:114758225-114758657
chr10	114818393	114818463	1	7	1	0	TCF7L2,90DF,downstream.control,chr10:114819845	70	1.43	47.14	NA	NA	NA	GATCCATGTGGCTTTCCTGTGTCTTGTTCCTTGTAAAAGTTCCAGGTTTTGGGTCGTGAGCTGTGTGTGT	0	0	NA	10	paired	HighQuality	chr10:114818395-114820013
chr10	114819945	114820015	1	6	1	0	TCF7L2,90DF,downstream.control,chr10:114819845	70	0	47.14	NA	NA	NA	GCATTTAGTGATAAAGGGGGGCAGCAAGTAACTATGTCTGAGAGAAGGAATTGCAGGCACAGAGGAGATC	0	0	NA	10	paired	HighQuality	chr10:114818395-114820013
chr10	115015249	115015319	1	11	1	0	TCF7L2,7TG,DIAMANTE.Morris,chr10:115016408	70	1.43	47.14	NA	NA	NA	GATCTTGGCTAAACCTTCTTCATAATATCTGTTCATGCTGGTCACGCCCTCTCTCTCCTGCCTAACTGGT	0	0	NA	10	paired	HighQuality	chr10:115015251-115016708
chr10	115016640	115016710	1	13	1	0	TCF7L2,7TG,DIAMANTE.Morris,chr10:115016408	70	0	40	NA	NA	NA	TTTAACCAGCTGCTCTTGAGGGAATAGTATTTTTTTGATAGCTTGGAAGGAGAGAGGAGCAACTTTGATC	0	0	NA	10	paired	HighQuality	chr10:115015251-115016708
chr11	2691003	2691073	1	4	1	0	IGF2-KCNQ1.combined,8TG,DIAMANTE.Morris,chr11:2691500	70	0	50	NA	NA	NA	GATCCTGTGGGGACATTCCTTATTTGGCCTGAGAGCTTTTGAGACTGCCAGGTCATGAGTTACCATGGGA	0	0	NA	11	paired	HighQuality	chr11:2691005-2692514
chr11	2692446	2692516	1	12	1	0	IGF2-KCNQ1.combined,8TG,DIAMANTE.Morris,chr11:2691500	70	1.43	57.14	NA	NA	NA	GTAGACAGGAGTCCAGGTCTGACCTCAAAATCCGATGTCCCCACCATCCCCAGCCCCTTAGCCTCTGATC	0	0	NA	11	paired	HighQuality	chr11:2691005-2692514
chr11	2740787	2740857	1	8	1	0	IGF2-KCNQ1.combined,9TG,DIAMANTE.Morris,chr11:2740934	70	0	41.43	NA	NA	NA	GATCAAAATAAGAAGTCAGAGAATCCTCTCCAGCTGAAAACCCTCATTTGTTATCACCCAAATGCTGCCT	0	0	NA	11	paired	HighQuality	chr11:2740789-2740944
chr11	2740876	2740946	1	8	1	0	IGF2-KCNQ1.combined,9TG,DIAMANTE.Morris,chr11:2740934	70	1.43	60	NA	NA	NA	GGTGGTGGAAGGCCCAGCAGTAGCAAAGGAAACCAGGGCAGGACAGTGTAGGAAGTCCTGCCCTCGGATC	0	0	NA	11	paired	HighQuality	chr11:2740789-2740944
chr11	2799234	2799304	1	1	1	0	IGF2-KCNQ1.combined,10TG,DIAMANTE.Morris,chr11:2799679	70	11.43	64.29	NA	NA	NA	GATCGGCGCCCGCCTGAACCGAGTAGAAGACAAGGTAGGCTCACGCGCCGGCCTGCGGTGGTTCTGGTTA	0	0	NA	11	paired	HighQuality	chr11:2799236-2799859
chr11	2799791	2799861	1	6	1	0	IGF2-KCNQ1.combined,10TG,DIAMANTE.Morris,chr11:2799679	70	4.29	71.43	NA	NA	NA	TCTGTGCCCATCACTCGGTCCCTCAGGCCGGAGCCTCTCCCCCAGGCACCCTGGGAGCTGCCGGGGGATC	0	0	NA	11	paired	HighQuality	chr11:2799236-2799859
chr11	2856024	2856094	1	11	1	0	IGF2-KCNQ1.combined,11TG,DIAMANTE.Morris,chr11:2856428	70	1.43	61.43	NA	NA	NA	GATCCCTTGGCTGCCCCAGGAATGCAGGTTCCGGGGCAAGAATCCAGCCCTGGCTGGTTGAAGTCCATCC	0	0	NA	11	paired	HighQuality	chr11:2856026-2857172
chr11	2857104	2857174	1	3	1	0	IGF2-KCNQ1.combined,11TG,DIAMANTE.Morris,chr11:2856428	70	1.43	58.57	NA	NA	NA	AGACAGCAAGACCTGGGTCAGCAGAGCACCGTGTGGGGTAAGCAGATGACAGGGCAGTGACAGGGTGATC	0	0	NA	11	paired	HighQuality	chr11:2856026-2857172
chr11	2858048	2858118	1	9	1	0	IGF2-KCNQ1.combined,13TG,DIAMANTE.Morris,chr11:2858636	70	0	57.14	NA	NA	NA	GATCCCTAAGCTGGTTACCTGGCAGGCAGGGGCCCTAGAGGGAAATGGGGCAGGTGAAATGGAGATGTGT	0	0	NA	11	paired	HighQuality	chr11:2858050-2859174
chr11	2859106	2859176	1	3	1	0	IGF2-KCNQ1.combined,13TG,DIAMANTE.Morris,chr11:2858636	70	2.86	54.29	NA	NA	NA	GTATCTCGAGAACAGCAGGGATGCCTCAAAGGTTCTCGCCCAGCAAGTGGACATTGTGGTGTGGGAGATC	0	0	NA	11	paired	HighQuality	chr11:2858050-2859174
chr11	47312217	47312287	1	7	1	0	rs11039165_MADD,15QTL,eQTL,chr11:47312689	70	1.43	61.43	NA	NA	NA	GATCCTGGCCTAGCTGGGCGGGGGGACCCAAAGGCTATGGCACAACTGAGAGTTCCACAACTGGGACCTC	0	0	NA	11	paired	HighQuality	chr11:47312219-47312851
chr11	47312783	47312853	1	6	1	0	rs11039165_MADD,15QTL,eQTL,chr11:47312689	70	0	55.71	NA	NA	NA	CCATTATACTCCTCTGGAATGTGCTCCTCTGGGGCATGCCTGGCAACCCCATTTCCCTGGGTTCTGGATC	0	0	NA	11	paired	HighQuality	chr11:47312219-47312851
chr11	65187567	65187637	1	12	1	0	MALAT1,97DF,upstream.control,chr11:65187555	70	1.43	52.86	NA	NA	NA	CCACCCAGCTCCACCCCGGAATCCAAGGGCCTCTGTTTGCTGCTGTTTTCTGGAACAACTTGTTTTGATC	0	0	NA	11	single	HighQuality	chr11:65187376-65187635
chr11	65238089	65238159	1	2	1	0	MALAT1,97DF,credible.variant,chr11:65238121	70	2.86	57.14	NA	NA	NA	AAATGCCCAACTCAGGCCACTCCTGCCCGGGGGTGACTGTCTCGCAATAAGATACAGGGCCAGAAGGATC	0	0	NA	11	single	HighQuality	chr11:65237863-65238157
chr11	65257186	65257256	1	7	1	0	MALAT1,97DF,credible.variant,chr11:65257527	70	0	42.86	NA	NA	NA	GATCCAGGTCCACTGTTTTCTCAGGGGGAGTATTTTATATGTCTATCTCTAGAAGCTTCCAAGGGGAAAA	0	0	NA	11	paired	HighQuality	chr11:65257188-65257564
chr11	65257496	65257566	1	6	1	0	MALAT1,97DF,credible.variant,chr11:65257527	70	1.43	58.57	NA	NA	NA	TGGGAGTGAGCCTGAGGCCTCCCTGCCAACCGGACTGGAAACTCTGGAATCCCCTTTGTCCCCTTTGATC	0	0	NA	11	paired	HighQuality	chr11:65257188-65257564
chr11	65260218	65260288	1	6	1	0	MALAT1,97DF,credible.variant,chr11:65260646	70	1.43	51.43	NA	NA	NA	GATCCACCAATAGGCTTCAGGGCCCAGGGCCAAGTACATTACGCAGCAAATAGACCAAGGAAGGAACTAG	0	0	NA	11	single	HighQuality	chr11:65260220-65261004
chr11	65264048	65264118	1	7	1	0	MALAT1,97DF,credible.variant,chr11:65263895	70	1.43	44.29	NA	NA	NA	TCCAGCGATAAAATTCTACTAAAAAATTTCCAACCCCAGAGCAAGCATCAGGACTGTGCCTGAAGGGATC	0	0	NA	11	single	HighQuality	chr11:65263640-65264116
chr11	65271389	65271459	1	12	1	0	MALAT1,97DF,credible.variant,chr11:65271832	70	0	32.86	NA	NA	NA	GATCAGAGTAAAAGGTAATTACACATTTTATTTCCAGAAAGTCAGGGGTCTATAAATTGACAGTGATTAG	0	0	NA	11	paired	HighQuality	chr11:65271391-65271871
chr11	65271803	65271873	1	4	1	0	MALAT1,97DF,credible.variant,chr11:65271832	70	0	42.86	NA	NA	NA	AGAGAATGCAGTTGTCTTGACTTCAGGTCTGTCTGTTCTGTTGGCAAGTAAATGCAGTACTGTTCTGATC	0	0	NA	11	paired	HighQuality	chr11:65271391-65271871
chr11	65278219	65278289	1	6	1	0	MALAT1,97DF,credible.variant,chr11:65278461	70	0	48.57	NA	NA	NA	GATCTGGGAGGGTTCTCATTCATGGGTTGTTGATTTGGAAGACCAGAAACCTGGCTCTGACAAAGCAGTG	0	0	NA	11	single	HighQuality	chr11:65278221-65278696
chr11	65294432	65294502	1	3	1	0	MALAT1,97DF,credible.variant,chr11:65294799	70	2.86	60	NA	NA	NA	GATCCCCAAAACGCTGGTGCCCCATTACTGTGAGCTGGTGGGAGCAAACCCCAAGGTGCGTCCCAACCCA	0	0	NA	11	single	HighQuality	chr11:65294434-65294819
chr11	65302140	65302210	1	3	1	0	MALAT1,97DF,credible.variant,chr11:65302893	70	2.86	48.57	NA	NA	NA	GATCACCTAGGGCAAGAGTGTTAGATAGAAAAGAGCCCTCTAGATTGGCTCCGGGTGTGTGAACGTTAGA	0	0	NA	11	paired	HighQuality	chr11:65302142-65303038
chr11	65302970	65303040	1	7	1	0	MALAT1,97DF,credible.variant,chr11:65302893	70	1.43	58.57	NA	NA	NA	GCTGTTGGCCCCATATCTGGGTTCCCAGAGGAGGAGTGAGTTGGCCGAAGTCACACAGTCAGGAGGGATC	0	0	NA	11	paired	HighQuality	chr11:65302142-65303038
chr11	65306513	65306583	1	3	1	0	MALAT1,97DF,credible.variant,chr11:65307402	70	17.14	78.57	NA	NA	NA	GATCACCGAGGTCTGGGCCGAGGGCGGCGTCGGCGGCGTCAGCGGCGGCGCTGGGGAACGCAGGCCCCGT	0	0	NA	11	paired	HighQuality	chr11:65306515-65307456
chr11	65307388	65307458	1	6	1	0	MALAT1,97DF,credible.variant,chr11:65307402	70	11.43	80	NA	NA	NA	GGCAGGAACCGCCCGCCTCCGCCCCACCCCACCTGCGCGGGGGCCACGTGACGGACAGGGCCCCGGGATC	0	0	NA	11	paired	HighQuality	chr11:65306515-65307456
chr11	65315997	65316067	1	5	1	0	MALAT1,97DF,credible.variant,chr11:65314830	70	0	52.86	NA	NA	NA	CCAAGACTAGCAGGAGCTGGTTTCCTGGGAATCCTAACTAGTGCCAAAGCTGTGCACAGGCAGTCAGATC	0	0	NA	11	single	HighQuality	chr11:65314768-65316065
chr11	65325221	65325291	1	7	1	0	MALAT1,97DF,credible.variant,chr11:65326154	70	15.71	77.14	rich	GCGGGCCAGCGCCCCGCCCCCGCCTGCGCCCCGCTCG	GC	GATCACCGGCGCAAAGACCACCTTGAAGCGCTCGCGGGCCAGCGCCCCGCCCCCGCCTGCGCCCCGCTCG	1	34	NA	11	paired	HighQuality	chr11:65325223-65327087
chr11	65327019	65327089	1	7	1	0	MALAT1,97DF,credible.variant,chr11:65326154	70	2.86	58.57	NA	NA	NA	GGACGCTTAGTAAGTCCCCCTTACTAAGCGGTGCAGGGCTGGGAGGGACAATCACATGTCCCCAGGGATC	0	0	NA	11	paired	HighQuality	chr11:65325223-65327087
chr11	65337804	65337874	1	2	1	0	MALAT1,97DF,credible.variant,chr11:65337251	70	11.43	70	NA	NA	NA	AGCCGACACGCCCCACCCCGGGCACAGCGAGGTCTGAGGACCACGCTAAGGCGTCACGTCCGCCCTGATC	0	0	NA	11	single	HighQuality	chr11:65336606-65337872
chr11	65393161	65393231	1	2	1	0	MALAT1,97DF,downstream.control,chr11:65393411	70	7.14	58.57	NA	NA	NA	GATCGCCGTGCTCACCTTCGCCATCAGCGCCAGCACCGTCTTTATTGCCCTGAAGGTTTGTGTGGCATGG	0	0	NA	11	paired	HighQuality	chr11:65393163-65393815
chr11	65393747	65393817	1	10	1	0	MALAT1,97DF,downstream.control,chr11:65393411	70	1.43	58.57	NA	NA	NA	CCCTGGTCCTGCCCTCCTTCCTGTCTGTGAGAAGACGGAAGAATTAGAACCCCAGGGCCCTGAAGGGATC	0	0	NA	11	paired	HighQuality	chr11:65393163-65393815
chr11	69449025	69449095	1	9	1	0	CCND1,98DF,credible.variant,chr11:69448758	70	0	55.71	NA	NA	NA	TTCCAAGCTTGGCTTCATCAGATGACAACTAAAAGGCAGAGGCCTGGGGGGGCAAGGGAGCTCCAGGATC	0	0	NA	11	single	HighQuality	chr11:69448265-69449093
chr11	69452007	69452077	1	1	1	0	CCND1,98DF,credible.variant,chr11:69451864	70	11.43	75.71	NA	NA	NA	GCGGGGGAGGGCGCGGCAAGTTCCGGAGTGGGGCATGCCGTGGGAGCCCACGAGGGCCTCAGCGCGGATC	0	0	NA	11	single	HighQuality	chr11:69450175-69452075
chr11	69452806	69452876	1	1	1	0	CCND1,98DF,credible.variant,chr11:69453044	70	11.43	64.29	NA	NA	NA	GATCGGCGCTACGTAAGCGAAGCAGAGCTGCCATAGCACGTGGGCCGCCACGCGCACCCCAAAAGCAAGC	0	0	NA	11	paired	HighQuality	chr11:69452808-69453859
chr11	69453791	69453861	1	1	1	0	CCND1,98DF,credible.variant,chr11:69453044	70	10	54.29	NA	NA	NA	TCGCTAACCGGGCTTGCAATTTTGCGCTCGTCCCTGAGCCGGGAAATCAACGAAGTTCCTAGTCGAGATC	0	0	NA	11	paired	HighQuality	chr11:69452808-69453859
chr11	69455848	69455918	1	4	1	0	CCND1,98DF,credible.variant,chr11:69456000	70	2.86	44.29	NA	NA	NA	GATCTTTGCTTAACAACAGTAACGTCACACGGACTACAGGGGAGTTTTGTTGAAGTTGCAAAGTCCTGGA	0	0	NA	11	paired	HighQuality	chr11:69455850-69456256
chr11	69456188	69456258	1	4	1	0	CCND1,98DF,credible.variant,chr11:69456000	70	7.14	60	NA	NA	NA	GACCTGCGCGCCCTCGGTGTCCTACTTCAAATGTGTGCAGAAGGAGGTCCTGCCGTCCATGCGGAAGATC	0	0	NA	11	paired	HighQuality	chr11:69455850-69456256
chr11	69458396	69458466	1	5	1	0	CCND1,98DF,credible.variant,chr11:69458430	70	2.86	62.86	NA	NA	NA	GATCTGGGATTGCGTGTTGCCCCAGCTCCCTTGAGTCCCCAGCATTCGCCAGCCCTCCCCTCCAACATCC	0	0	NA	11	paired	HighQuality	chr11:69458398-69458714
chr11	69458646	69458716	1	5	1	0	CCND1,98DF,credible.variant,chr11:69458430	70	4.29	48.57	NA	NA	NA	AATGACCCCGCACGATTTCATTGAACACTTCCTCTCCAAAATGCCAGAGGCGGAGGAGAACAAACAGATC	0	0	NA	11	paired	HighQuality	chr11:69458398-69458714
chr11	69462828	69462898	1	4	1	0	CCND1,98DF,credible.variant,chr11:69462856	70	2.86	57.14	NA	NA	NA	CCTGAACCTGAGGAGCCCCAACAACTTCCTGTCCTACTACCGCCTCACACGCTTCCTCTCCAGAGTGATC	0	0	NA	11	single	HighQuality	chr11:69462700-69462896
chr11	69785459	69785529	1	31	1	0	CCND1,98DF,downstream.control,chr11:69785929	70	1.43	42.86	NA	NA	NA	GATCACCATCATTATTAAACACACACATTCCTTTTCCTTCAACCAATACGGAGCACCTCCTATGTGCCAG	0	0	NA	11	single	MediumQuality	chr11:69785461-69787077
chr11	72364024	72364094	1	4	1	0	ARAP1,99DF,upstream.control,chr11:72364661	70	2.86	52.86	NA	NA	NA	GATCAAAAGGCACTCGCTCAATCGGCAAAGGCTCCTGTGGTGGGACTGGGAGATGTGGCATTCTGTTTCT	0	0	NA	11	paired	HighQuality	chr11:72364026-72365008
chr11	72364940	72365010	1	4	1	0	ARAP1,99DF,upstream.control,chr11:72364661	70	0	47.14	NA	NA	NA	CAAGATGGAACAATGAGGTAGTGCCTGAAATAACAGGAAGTCAGGGCTTGGAAATCCCAGTCCAGAGATC	0	0	NA	11	paired	HighQuality	chr11:72364026-72365008
chr11	72428593	72428663	1	3	1	0	ARAP1,99DF,credible.variant,chr11:72429579	70	4.29	60	NA	NA	NA	GATCAACTGCGACGGGTCTGTGCATCTTGGGCAGCAGGCACGTTCCCTGAAGCAAGCTCCACACCCTCCT	0	0	NA	11	paired	HighQuality	chr11:72428595-72431015
chr11	72430947	72431017	1	6	1	0	ARAP1,99DF,credible.variant,chr11:72429579	70	1.43	50	NA	NA	NA	TATAAAAAGCCCAAATCATACATCCATCCTCCCCACTATCGCAGGCCTCCCCTCACATCTCAGGCTGATC	0	0	NA	11	paired	HighQuality	chr11:72428595-72431015
chr11	72432524	72432594	1	9	1	0	rs11603334_STARD10,4QTL,eQTL,chr11:72432985	70	0	57.14	NA	NA	NA	GATCAGCACCAGGCCCCCAAGGGGCAAGAACCCCAAAGAGGAGTATTCTGTGGGGCAGAGTCTGAGAAAG	0	0	NA	11	paired	HighQuality	chr11:72432526-72433176
chr11	72433108	72433178	1	24	1	0	rs11603334_STARD10,4QTL,eQTL,chr11:72432985	70	2.86	38.57	NA	NA	NA	ATGTCTTTAAGTGTTTGTGAATCACTTCTCTACGTGCGTGTGTGTTTGTTTCTGTGTATAACTGTGGATC	0	0	NA	11	paired	HighQuality	chr11:72432526-72433176
chr11	72455174	72455244	1	13	1	0	ARAP1,99DF,credible.variant,chr11:72455885	70	0	47.14	NA	NA	NA	GATCACACCAGATGTCACCATCTGTGACTGTGTGTGTCACCATCTGTGACTGTGTCTGTCACATACATAC	0	0	NA	11	paired	HighQuality	chr11:72455176-72455927
chr11	72455859	72455929	1	3	1	0	ARAP1,99DF,credible.variant,chr11:72455885	70	1.43	51.43	NA	NA	NA	GCAAATGAGTGTCCTGGTTCATGTCCGTGGAACAGAAACTGGAACAGAACCACTAGACACCCCCTGGATC	0	0	NA	11	paired	HighQuality	chr11:72455176-72455927
chr11	72457049	72457119	1	8	1	0	ARAP1,99DF,credible.variant,chr11:72457487	70	0	57.14	NA	NA	NA	GATCTCTGTCCACCACCTTCTGCAGAGGCTCCTGAGCCTGGCTCTGACCCTTCAAGGCTTAACCTTGGTC	0	0	NA	11	paired	HighQuality	chr11:72457051-72457797
chr11	72457729	72457799	1	5	1	0	ARAP1,99DF,credible.variant,chr11:72457487	70	0	55.71	NA	NA	NA	TCACCTGCCCAATTTGGTTGGTTTCTGTCCTGACCTGTTCACAACTGGGGGCTGGTAAGCCTGGGGGATC	0	0	NA	11	paired	HighQuality	chr11:72457051-72457797
chr11	72460259	72460329	1	10	1	0	ARAP1,99DF,credible.variant,chr11:72460398	70	0	52.86	NA	NA	NA	GATCAAAGTGAAGTCAGACAAAGGAGGCAATGAACACCTGGGTCCTGACCCTGTCTCTCTACCACCCTCC	0	0	NA	11	single	HighQuality	chr11:72460261-72460706
chr11	72463020	72463090	1	6	1	0	ARAP1,99DF,credible.variant,chr11:72463435	70	2.86	54.29	NA	NA	NA	GATCTCCAGAAATGTAAAGGTCTCAGCGGCCAACGAGGTGGGAGCCTTCACTTCACAGATGGGAACCCCA	0	0	NA	11	paired	HighQuality	chr11:72463022-72463974
chr11	72463906	72463976	1	10	1	0	ARAP1,99DF,credible.variant,chr11:72463435	70	0	65.71	NA	NA	NA	CTTCCCTCCCTGGGTGCCCACAGGCAGGGTTGTGGGGAAGCTACCCACCCAGCCACACCTCCCAAGGATC	0	0	NA	11	paired	HighQuality	chr11:72463022-72463974
chr11	72514660	72514730	1	4	1	0	ARAP1,99DF,downstream.control,chr11:72514783	70	0	37.14	NA	NA	NA	GATCCAGCTCCTTCTTTGAATTGCATTGGATTCTGTCTTATGAATGTACCATGATATCTGTAACCATTCA	0	0	NA	11	paired	HighQuality	chr11:72514662-72514897
chr11	72514829	72514899	1	8	1	0	ARAP1,99DF,downstream.control,chr11:72514783	70	2.86	51.43	NA	NA	NA	TCCCACCAGCAACGAACAATGGACTCCCTTTTCCCCACGCTCTCACCAACTCTGAATATAGCCATGGATC	0	0	NA	11	paired	HighQuality	chr11:72514662-72514897
chr11	92708625	92708695	1	14	1	0	MTNR1B,14TG,DIAMANTE.Morris,chr11:92708710	70	0	55.71	NA	NA	NA	GATCTTTGTCCAAGGTCACTCTGTCTATGCTGGCAAAGCTGCCCCTCCTCCAGGCCCCCAGTGATGCTAA	0	0	NA	11	paired	HighQuality	chr11:92708627-92709545
chr11	92709477	92709547	1	7	1	0	MTNR1B,14TG,DIAMANTE.Morris,chr11:92708710	70	0	40	NA	NA	NA	CTAGAAGGAATGTCCTACTTTCTTCATCTTCATGTCCTTACTACTTCTCACATCTTATCTCACAGGGATC	0	0	NA	11	paired	HighQuality	chr11:92708627-92709545
chr12	4398270	4398340	1	4	1	0	CCND2,15TG,DIAMANTE.Morris,chr12:4399050	70	1.43	51.43	NA	NA	NA	GATCGACATCCAAGGGAGTGCAAAGTTCAGCAGGTGACACCCCCTCTTAAGGTTCTGAAAAGCTGTGCAC	0	0	NA	12	paired	HighQuality	chr12:4398272-4399083
chr12	4399015	4399085	1	4	1	0	CCND2,15TG,DIAMANTE.Morris,chr12:4399050	70	2.86	64.29	NA	NA	NA	GCTAGAACCCCCAGGCTCCGACTGCCCCCTGGAAACTTCCCACTCCACCCTTGTTGCCGCTCCTGGGATC	0	0	NA	12	paired	HighQuality	chr12:4398272-4399083
chr12	27908366	27908436	1	15	2	1	KLHL42,103DF,upstream.control,chr12:27908111	70	0	22.86	NA	NA	NA	TATTAAATGTGACATGAATTATGGAGTAGAAAAATCTGCTTGATTTATTAATTTTATGATATATGTGATC	0	0	NA	12	single	HighQuality	chr12:27907365-27908434
chr12	27959308	27959378	1	7	1	0	KLHL42,103DF,credible.variant,chr12:27960107	70	0	51.43	NA	NA	NA	GATCACCCTCACATCCCCTAAGCTAGCCTTGATGGGGAAGCTGTTAGTCTTGGTAAGTGAGCTAGCTGGT	0	0	NA	12	paired	HighQuality	chr12:27959310-27960228
chr12	27960160	27960230	1	5	1	0	KLHL42,103DF,credible.variant,chr12:27960107	70	1.43	52.86	NA	NA	NA	GCTACTTTCAGCCCTGGTGGATTTCGAGGTGCTGCTGGGTAGGAAGACAAGAAGTCAGAGGCAAGAGATC	0	0	NA	12	paired	HighQuality	chr12:27959310-27960228
chr12	27960654	27960724	1	11	1	0	KLHL42,103DF,credible.variant,chr12:27960473	70	1.43	32.86	NA	NA	NA	TTTAATAATTACAAGTCTGAAAGAACAGGATAGGTAAATCCTATACCGTTAGCCATAGTTTGATGAGATC	0	0	NA	12	single	HighQuality	chr12:27960384-27960722
chr12	27962830	27962900	1	8	1	0	KLHL42,103DF,credible.variant,chr12:27962719	70	1.43	51.43	NA	NA	NA	TGGCCCTGCACTCAGTCCATCCTAGACATGCACGCCCTTGTCCTATGCTTAGCATTGTTCTGGAATGATC	0	0	NA	12	single	HighQuality	chr12:27962499-27962898
chr12	27963164	27963234	1	6	1	0	KLHL42,103DF,credible.variant,chr12:27963301	70	0	42.86	NA	NA	NA	GATCACTACTCCTAGGTCATCAAGGTCATAACCTCACAGAAGGTGCCCCTGAAAGAAATCCAGTTATTTA	0	0	NA	12	single	HighQuality	chr12:27963166-27963411
chr12	27963738	27963808	1	9	1	0	KLHL42,103DF,credible.variant,chr12:27963839	70	0	40	NA	NA	NA	GATCTGAAGCAGTTAAATGGAAGGTTGTGTATTTCCTAGGATTGTTGGTGCCATTGTTGGATTCTGGATT	0	0	NA	12	paired	HighQuality	chr12:27963740-27964106
chr12	27964038	27964108	1	12	1	0	KLHL42,103DF,credible.variant,chr12:27963839	70	1.43	44.29	NA	NA	NA	CTAGCAGTGCTGATGTTTATTTGTTCTGAAGTCTTTTCTGCTCTGTTGTGGGTCTCAAGCTTCACCGATC	0	0	NA	12	paired	HighQuality	chr12:27963740-27964106
chr12	27964409	27964479	1	11	1	0	KLHL42,103DF,credible.variant,chr12:27964648	70	0	42.86	NA	NA	NA	GATCCAAATGCATTCAGCACCCAGAAAACCCCCAGTGAAGAAAATTTCAATGCTGAAAGAGAAGACTGGA	0	0	NA	12	single	HighQuality	chr12:27964411-27964779
chr12	28050971	28051041	1	4	1	0	KLHL42,103DF,downstream.control,chr12:28051043	70	1.43	38.57	NA	NA	NA	GATCAAAGAAAAGTTGAGTCGTTTTTCTAAGGCAGAACAGGATTAAGGCTGAGACATACTTCTCCATGAA	0	0	NA	12	paired	HighQuality	chr12:28050973-28051607
chr12	28051539	28051609	1	30	1	0	KLHL42,103DF,downstream.control,chr12:28051043	70	0	37.14	NA	NA	NA	ATGAAGGCAAATATTGAAAGTATTTGTTTTCCTCCTCCTCCTTTCAAAGAGTATGCAGTCACAAGAGATC	0	0	NA	12	paired	HighQuality	chr12:28050973-28051607
chr12	133010199	133010269	1	5	1	0	FBRSL1,109DF,upstream.control,chr12:133010618	70	5.71	65.71	NA	NA	NA	GATCGGGGAGCTGGAAAGGACACGCCCTCGCCTGGCCAGCCGAGGATGCCTGTCCTTGGTTGCCATGGCA	0	0	NA	12	single	HighQuality	chr12:133010201-133011069
chr12	133066383	133066453	1	3	1	0	FBRSL1,109DF,credible.variant,chr12:133066392	70	14.29	80	NA	NA	NA	GATCACCGCCGGCTGCAGCGGAGGTCGGGGCGCCGGGGAGGGGCGCGGCTAGGGGGCGAGGTCGAAGGGC	0	0	NA	12	paired	HighQuality	chr12:133066385-133066852
chr12	133066784	133066854	1	7	1	0	FBRSL1,109DF,credible.variant,chr12:133066392	70	17.14	88.57	Low	CCCGGCCGCCTCCCGCCTGCCGCCTGCCGCGCCCGCCCGGCCCCGCCCGCTCGGCCCGATC	C-rich	GCCCAGGAGCCCGGCCGCCTCCCGCCTGCCGCCTGCCGCGCCCGCCCGGCCCCGCCCGCTCGGCCCGATC	1	56	NA	12	paired	HighQuality	chr12:133066385-133066852
chr12	133068269	133068339	1	8	1	0	FBRSL1,109DF,credible.variant,chr12:133068484	70	0	57.14	NA	NA	NA	GATCCCCCAGTCTCAGAAGCTGAGCTTTGGGAAAAGGGGAGATGCCTACTGCAGGCCCCTGAAGCAGCAA	0	0	NA	12	paired	HighQuality	chr12:133068271-133069160
chr12	133069092	133069162	1	6	1	0	FBRSL1,109DF,credible.variant,chr12:133068484	70	1.43	48.57	NA	NA	NA	ATGTGTAGAAAGTGCCCCAGATGCGTGTGTCAGGAATCTGAGTGAGGAGATGAACTGTACTCAGGAGATC	0	0	NA	12	paired	HighQuality	chr12:133068271-133069160
chr12	133069444	133069514	1	7	1	0	FBRSL1,109DF,credible.variant,chr12:133069698	70	1.43	41.43	NA	NA	NA	GATCATCCCATACGTGTCTCTTGGTTGTCTACATTTTTTGCCAAAGTATGGTGGTTTTTCCCCAAAGTTC	0	0	NA	12	paired	HighQuality	chr12:133069446-133071551
chr12	133071483	133071553	1	4	1	0	FBRSL1,109DF,credible.variant,chr12:133069698	70	1.43	51.43	NA	NA	NA	AGGACATGCACCCAAAATGCTGCTGAACCTGCACAGACGGTTGTGCTTAAGAAACCCCAGGCTACTGATC	0	0	NA	12	paired	HighQuality	chr12:133069446-133071551
chr12	133071855	133071925	1	8	1	0	FBRSL1,109DF,credible.variant,chr12:133072767	70	7.14	72.86	NA	NA	NA	GATCTGGGCTGGAAGTGTGACCTGGCCATGTGGGGGCGGGGCTGGGCCCGGCCTGCCGAGCACCGCGTGT	0	0	NA	12	paired	HighQuality	chr12:133071857-133074327
chr12	133074259	133074329	1	3	1	0	FBRSL1,109DF,credible.variant,chr12:133072767	70	5.71	74.29	NA	NA	NA	CCAGGCTCTGGGCCTCGGGACCCCTAGGGCGCCGCCTCACACCTGCTGAGGCAACCCCGGGCTGGGGATC	0	0	NA	12	paired	HighQuality	chr12:133071857-133074327
chr12	133079025	133079095	1	2	1	0	FBRSL1,109DF,credible.variant,chr12:133080449	70	5.71	58.57	NA	NA	NA	GATCCGTGGTCTTCCAGTAAATCGGAGCTGGAGGGAGGAACGTCCGAGTGCACAGCAGGACTGACCTCCA	0	0	NA	12	paired	HighQuality	chr12:133079027-133080595
chr12	133080527	133080597	1	14	1	0	FBRSL1,109DF,credible.variant,chr12:133080449	70	0	64.29	NA	NA	NA	GAAGACCCCTGGGGGCTCCCTCAGCCCCCTGCCCCCATGGAGAGCAGCTTCTGACCCATCTGAGAAGATC	0	0	NA	12	paired	HighQuality	chr12:133079027-133080595
chr12	133087589	133087659	1	7	3	1	FBRSL1,109DF,credible.variant,chr12:133087707	70	1.43	58.57	NA	NA	NA	GATCTGTGGGGTGCTGCAGTTCCTGCAGAGTGGCCCAGTGGCGAATGGTGAAGGTGTGGGTTTCAGTCCA	0	0	NA	12	paired	HighQuality	chr12:133087591-133088751
chr12	133088683	133088753	1	7	1	0	FBRSL1,109DF,credible.variant,chr12:133087707	70	1.43	62.86	NA	NA	NA	TGCCCACCCATCTGAGGCCTGGAATGGGGGTTTGTACTGTGCTCAGCATGGGGGCACCGGCCTCCAGATC	0	0	NA	12	paired	HighQuality	chr12:133087591-133088751
chr12	133170009	133170079	1	4	1	0	FBRSL1,109DF,downstream.control,chr12:133170281	70	1.43	44.29	NA	NA	NA	GATCGTTTGTGGACACCTGAGCAGCTATGAAGAGTCTGCTTTGAACATCTGTGGACAACAATTTGTGTGA	0	0	NA	12	single	HighQuality	chr12:133170011-133170558
chr14	100832164	100832234	1	15	1	0	rs2146105_WARS,16QTL,eQTL,chr14:100832282	70	1.43	42.86	NA	NA	NA	GATCAGTGCCTAACAGCATGAGAGAAAAACAAATGCTAAGACATCATGGAAATACTGGAAGGTGACCGAG	0	0	NA	14	paired	HighQuality	chr14:100832166-100832520
chr14	100832452	100832522	1	4	1	0	rs2146105_WARS,16QTL,eQTL,chr14:100832282	70	1.43	60	NA	NA	NA	AGACTGGGGGCAGTCTGCACAGTTGGGGCACTGGCAGCACACAGAGAATAGGGAGCTTCGGGGAAGGATC	0	0	NA	14	paired	HighQuality	chr14:100832166-100832520
chr15	62228338	62228408	1	11	1	0	C2CD4A,113DF,upstream.control,chr15:62228795	70	1.43	28.57	NA	NA	NA	GATCTGAAAAATTATCTTATGTATTTGAAACATAACGCTCCAATAAGTCCAGATAAATAAAGCTGTTACA	0	0	NA	15	paired	HighQuality	chr15:62228340-62229603
chr15	62229535	62229605	1	16	1	0	C2CD4A,113DF,upstream.control,chr15:62228795	70	0	41.43	NA	NA	NA	ATCTTTTACCTTCATAAAAGGGTATGTGTGGCAAAAAGAAAAAGAGCCAGGGCTTTGAGTCAGGCAGATC	0	0	NA	15	paired	HighQuality	chr15:62228340-62229603
chr15	62383056	62383126	1	8	1	0	C2CD4A,113DF,credible.variant,chr15:62383155	70	2.86	37.14	NA	NA	NA	GATCACGAAGAGCTACTATAAGTAAGCACGTATTAGTTTTTGTGAAAACATGTTCCATTTCTTGAGCTGG	0	0	NA	15	paired	HighQuality	chr15:62383058-62383473
chr15	62383405	62383475	1	10	1	0	C2CD4A,113DF,credible.variant,chr15:62383155	70	0	44.29	NA	NA	NA	GACAGGTCTTTATCTTTGCTGATTGTGACAGAAGCTTCTGAGGCCTCTGCTGAAAAGACTGACAATGATC	0	0	NA	15	paired	HighQuality	chr15:62383058-62383473
chr15	62391237	62391307	1	16	1	0	C2CD4A,113DF,credible.variant,chr15:62391608	70	0	30	NA	NA	NA	GATCCAATATGCTCCATATGAGTGGAAAATTCCAACTCATTAGATTCTTTTTATAAAATGTGTTTAGAAG	0	0	NA	15	single	HighQuality	chr15:62391239-62392230
chr15	62394226	62394296	1	8	1	0	C2CD4A,113DF,credible.variant,chr15:62394690	70	0	38.57	NA	NA	NA	GATCTATCATTTACTCTTAAAGGCCAAGAAACTGGATGGCTTCCCCTTTCTAAGAGAATCAAATTCTGCT	0	0	NA	15	single	HighQuality	chr15:62394228-62395315
chr15	62396717	62396787	1	12	1	0	C2CD4A,113DF,credible.variant,chr15:62396942	70	0	62.86	NA	NA	NA	GATCTGCTGGGGATAGATGGATGAAGAGGCAGCCCCCAGCTGCCAGCCCAAGGCAGCCCTTGCCATCCTG	0	0	NA	15	paired	HighQuality	chr15:62396719-62397191
chr15	62397123	62397193	1	5	1	0	C2CD4A,113DF,credible.variant,chr15:62396942	70	1.43	51.43	NA	NA	NA	ACTTGGACATCTAACTATTCGGGTGTTCAGTCTCTCCATGTGTGAGGTGAGGGGGTGGGCTTGAGTGATC	0	0	NA	15	paired	HighQuality	chr15:62396719-62397191
chr15	62454683	62454753	1	9	1	0	C2CD4A,113DF,downstream.control,chr15:62456049	70	1.43	34.29	NA	NA	NA	GATCAAATTTGTACCCAGACTTCATTATTATAACAACAATGCAGAAGGAATTTCTGATGTAGAATGACGG	0	0	NA	15	paired	HighQuality	chr15:62454685-62456146
chr15	62456078	62456148	1	11	2	1	C2CD4A,113DF,downstream.control,chr15:62456049	70	4.29	75.71	NA	NA	NA	GGCTGGGCCCTCAGAGCAGCAGGAGGGCGCCCAGGGACAGCTCACCCTGGCCCAGCAGGCGGCCCCGATC	0	0	NA	15	paired	HighQuality	chr15:62454685-62456146
chr15	77806762	77806832	1	13	1	0	rs59153558_HMG20A,8QTL,eQTL,chr15:77806770	70	1.43	35.71	NA	NA	NA	GATCTCGGAGATACTGAAATGGATAGTGGCTACACACATGTTTGCATATATAAAAATCATTCAAGCTGTA	0	0	NA	15	paired	HighQuality	chr15:77806764-77807449
chr15	77807381	77807451	1	9	1	0	rs59153558_HMG20A,8QTL,eQTL,chr15:77806770	70	0	55.71	NA	NA	NA	GGAGGGGAGGAGGTTTTGGGGACAGTGGAGGAGGATGTGGCTTGGTCATGGTTGGGTTGAGTTTGAGATC	0	0	NA	15	paired	HighQuality	chr15:77806764-77807449
chr15	90407110	90407180	1	4	1	0	rs2165069_AP3S2,3QTL,eQTL,chr15:90407119	70	0	34.29	NA	NA	NA	GATCATTTTCTATTATCAACAGAAGAAGCTATACTTGAATTAGCAACTGCTCTCTATGAGGGCAAAGATA	0	0	NA	15	single	HighQuality	chr15:90407112-90407857
chr16	81534774	81534844	1	6	1	0	CMIP,16TG,DIAMANTE.Morris,chr16:81534790	70	0	44.29	NA	NA	NA	AAATTCCACTGGGCCTGATGGGGTTGGAGATTGCATTTCAGTCTTGTCTTGCTAAGGAATTTCTGAGATC	0	0	NA	16	single	HighQuality	chr16:81534334-81534842
chr17	6953362	6953432	1	5	1	0	rs113748381_POLR2A,11QTL,eQTL,chr17:6953155	70	1.43	54.29	NA	NA	NA	ACGAAGGCCTGCCCATGTGGGGACAGCCCTCAAAGCAGATGCTGAGCTAGATGAAGTCTATAGGGAGATC	0	0	NA	17	single	HighQuality	chr17:6953142-6953430
